time,cycle,gps_attitude,temperature,pressure,uv_index,ambient_light,gps_location,co2,SCD_41_temperature,humidity,TSL2591_full_spectrum,TSL2591_infra_red,TSL2591_visiblle,pm2.5,
1609459221,1,Acceleration info x = 239 y = -245 z = 92 roll = -69.42344 pitch = -42.40687,16.16,97649.56,0,32,Waiting for GPS fix...,239,21.80896,29.66659,4455,1890,2565,None,
1609459222,2,Acceleration info x = 185 y = -194 z = 121 roll = -58.05202 pitch = -38.98011,15.72,97739.27,0,0,Waiting for GPS fix...,239,21.80896,29.66659,3879,1593,2286,None,
1609459223,3,Acceleration info x = 197 y = -219 z = 111 roll = -63.12651 pitch = -38.74522,15.33,97806.27,0,0,Waiting for GPS fix...,239,21.80896,29.66659,34355,13522,20833,None,
1609459224,4,Acceleration info x = 200 y = -218 z = 104 roll = -64.50061 pitch = -39.62874,14.9,97884.5,0,0,Waiting for GPS fix...,0,19.81956,29.82834,26866,11479,15387,None,
1609459226,5,Acceleration info x = 211 y = -169 z = 113 roll = -56.23591 pitch = -46.06845,14.72,97966.65,0,0,Waiting for GPS fix...,0,19.81956,29.82834,3896,1679,2217,None,
1609459227,6,Acceleration info x = 229 y = -192 z = 65 roll = -71.30215 pitch = -48.48924,14.44,98071.16,0,0,Waiting for GPS fix...,0,19.81956,29.82834,4664,2178,2486,None,
1609459228,7,Acceleration info x = 221 y = -247 z = 123 roll = -63.53249 pitch = -38.69494,14.24,98151.48,0,0,Waiting for GPS fix...,0,19.81956,29.82834,3192,1255,1937,None,
1609459229,8,Acceleration info x = 209 y = -241 z = 104 roll = -66.66301 pitch = -38.53118,13.89,98247.85,0,0,Waiting for GPS fix...,0,18.682,30.5684,37889,14827,23062,None,
1609459230,9,Acceleration info x = 260 y = -239 z = 88 roll = -69.79139 pitch = -45.59489,13.7,98340.03,0,0,Waiting for GPS fix...,0,18.682,30.5684,3867,1608,2259,None,
1609459231,10,Acceleration info x = 246 y = -237 z = 84 roll = -70.48931 pitch = -44.37605,13.44,98419.31,0,0,Waiting for GPS fix...,0,18.682,30.5684,20859,9154,11705,None,
1609459232,11,Acceleration info x = 201 y = -214 z = 134 roll = -57.95078 pitch = -38.52495,13.22,98517.17,0,0,Latitude: 51.84808, Longitude: -0.9683567,0,18.682,30.5684,11116,4868,6248,None,
1609459234,12,Acceleration info x = 201 y = -242 z = 92 roll = -69.19003 pitch = -37.82742,13.02,98606.23,0,0,Waiting for GPS fix...,0,17.64325,31.4641,37889,15615,22274,None,
1609459235,13,Acceleration info x = 192 y = -209 z = 100 roll = -64.43508 pitch = -39.65105,12.85,98690.65,0,0,Waiting for GPS fix...,0,17.64325,31.4641,28955,12212,16743,None,
1609459236,14,Acceleration info x = 187 y = -206 z = 107 roll = -62.55646 pitch = -38.85702,12.61,98761.47,0,0,Waiting for GPS fix...,0,17.64325,31.4641,4385,1881,2504,None,
1609459237,15,Acceleration info x = 204 y = -222 z = 125 roll = -60.62221 pitch = -38.68761,12.45,98834.11,0,0,Waiting for GPS fix...,0,17.64325,31.4641,3071,1185,1886,None,
1609459238,16,Acceleration info x = 220 y = -259 z = 107 roll = -67.55811 pitch = -38.13698,12.42,98934.59,0,0,Waiting for GPS fix...,0,16.67926,32.47272,3341,1319,2022,None,
1609459239,17,Acceleration info x = 225 y = -248 z = 110 roll = -66.08527 pitch = -39.67315,12.27,99022.73,0,0,Waiting for GPS fix...,0,16.67926,32.47272,26626,11468,15158,None,
1609459240,18,Acceleration info x = 158 y = -176 z = 122 roll = -55.27507 pitch = -36.42268,12.12,99105.82,0,0,Waiting for GPS fix...,0,16.67926,32.47272,2944,1113,1831,None,
1609459241,19,Acceleration info x = 210 y = -225 z = 105 roll = -64.98789 pitch = -40.22653,11.91,99186.68,0,0,Latitude: 51.84832, Longitude: -0.9680216,0,16.67926,32.47272,10336,4779,5557,None,
1609459243,20,Acceleration info x = 209 y = -222 z = 115 roll = -62.61964 pitch = -39.89653,11.71,99270.33,0,0,Waiting for GPS fix...,222,15.8648,33.60494,7840,3469,4371,None,
1609459244,21,Acceleration info x = 198 y = -225 z = 104 roll = -65.19737 pitch = -38.62057,11.59,99383.22,0,0,Latitude: -0.9678934, Longitude: 15.002,222,15.8648,33.60494,4301,1885,2416,None,
1609459245,22,Acceleration info x = 203 y = -240 z = 113 roll = -64.79214 pitch = -37.42791,11.55,99458.98,0,0,Waiting for GPS fix...,222,15.8648,33.60494,3686,1500,2186,None,
1609459246,23,Acceleration info x = 216 y = -229 z = 100 roll = -66.4149 pitch = -40.84341,11.43,99555.66,0,0,Waiting for GPS fix...,222,15.8648,33.60494,7954,3587,4367,None,
1609459247,24,Acceleration info x = 198 y = -213 z = 121 roll = -60.40462 pitch = -38.95024,11.32,99625.93,0,0,Waiting for GPS fix...,0,15.07706,35.02556,4261,1763,2498,None,
1609459248,25,Acceleration info x = 217 y = -243 z = 124 roll = -62.96996 pitch = -38.50253,11.24,99714.92,0,0,Waiting for GPS fix...,0,15.07706,35.02556,18909,8393,10516,None,
1609459249,26,Acceleration info x = 192 y = -215 z = 110 roll = -62.90908 pitch = -38.48796,11.06,99807.65,0,0,Waiting for GPS fix...,0,15.07706,35.02556,37458,14663,22795,None,
1609459251,27,Acceleration info x = 213 y = -232 z = 127 roll = -61.30761 pitch = -38.84856,10.99,99888.44,0,0,Latitude: 51.84856, Longitude: -0.9676667,0,15.07706,35.02556,3588,1440,2148,None,
1609459252,28,Acceleration info x = 203 y = -222 z = 123 roll = -61.01567 pitch = -38.65746,10.89,99973.41,0,0,Waiting for GPS fix...,0,15.07706,35.02556,37878,15051,22827,None,
1609459253,29,Acceleration info x = 237 y = -172 z = 114 roll = -56.46811 pitch = -48.95844,10.84,100060.8,0,0,Waiting for GPS fix...,3603,14.34806,36.55146,4269,1882,2387,None,
1609459254,30,Acceleration info x = 200 y = -173 z = 134 roll = -52.24369 pitch = -42.42939,10.87,100154.4,0,0,Waiting for GPS fix...,3603,14.34806,36.55146,6334,2952,3382,None,
1609459255,31,Acceleration info x = 233 y = -272 z = 117 roll = -66.73009 pitch = -38.20224,10.84,100249.1,0,0,Latitude: -0.9674717, Longitude: 11.002,3603,14.34806,36.55146,7421,3228,4193,None,
1609459256,32,Acceleration info x = 253 y = -236 z = 84 roll = -70.4129 pitch = -45.28742,10.82,100341.1,0,0,Waiting for GPS fix...,3603,14.34806,36.55146,30418,12868,17550,None,
1609459257,33,Acceleration info x = 153 y = -188 z = 119 roll = -57.67131 pitch = -34.51687,10.72,100423.2,0,0,Waiting for GPS fix...,0,13.66179,38.19028,3939,1659,2280,None,
1609459258,34,Acceleration info x = 261 y = -240 z = 82 roll = -71.14165 pitch = -45.82478,10.75,100509.2,0,0,Waiting for GPS fix...,0,13.66179,38.19028,4468,1950,2518,None,
1609459260,35,Acceleration info x = 221 y = -215 z = 144 roll = -56.19125 pitch = -40.50183,10.68,100587.1,0,0,Waiting for GPS fix...,0,13.66179,38.19028,3513,1382,2131,None,
1609459261,36,Acceleration info x = 244 y = -249 z = 91 roll = -69.92972 pitch = -42.62902,10.66,100699.4,0,0,Waiting for GPS fix...,0,13.66179,38.19028,7843,3413,4430,None,
1609459262,37,Acceleration info x = 238 y = -227 z = 83 roll = -69.92078 pitch = -44.56158,10.67,100786.4,0,0,Latitude: 51.84892, Longitude: -0.967185,0,13.18113,39.82757,4841,2121,2720,None,
1609459263,38,Acceleration info x = 236 y = -230 z = 137 roll = -59.22413 pitch = -41.4008,10.66,100883.5,0,0,Waiting for GPS fix...,0,13.18113,39.82757,34610,13744,20866,None,
1609459264,39,Acceleration info x = 215 y = -205 z = 86 roll = -67.24631 pitch = -44.0458,10.64,100986.7,0,0,Latitude: -0.9671366, Longitude: 11.0,0,13.18113,39.82757,4677,2021,2656,None,
1609459265,40,Acceleration info x = 218 y = -208 z = 124 roll = -59.20292 pitch = -41.99798,10.62,101059.1,0,0,Waiting for GPS fix...,0,13.18113,39.82757,2841,1049,1792,None,
1609459266,41,Acceleration info x = 206 y = -225 z = 113 roll = -63.33784 pitch = -39.29187,10.65,101180.7,0,0,Latitude: 9.533334, Longitude: 9.416666,5213,12.78057,41.38705,4182,1736,2446,None,
1609459268,42,Acceleration info x = 208 y = -219 z = 95 roll = -66.55418 pitch = -41.06941,10.65,101271.9,0,0,Waiting for GPS fix...,5213,12.78057,41.38705,4862,2122,2740,None,
1609459269,43,Acceleration info x = 205 y = -238 z = 109 roll = -65.39783 pitch = -38.06808,10.62,101380.4,0,0,Waiting for GPS fix...,5213,12.78057,41.38705,37889,16001,21888,None,
1609459270,44,Acceleration info x = 213 y = -218 z = 98 roll = -65.79896 pitch = -41.70918,10.64,101456.4,0,0,Waiting for GPS fix...,5213,12.78057,41.38705,4163,1763,2400,None,
1609459272,45,Acceleration info x = 196 y = -219 z = 137 roll = -57.97538 pitch = -37.19194,10.64,101546.1,0,0,Latitude: 51.85043, Longitude: -0.9657417,0,12.40406,42.63829,4769,2115,2654,None,
1609459273,46,Acceleration info x = 511 y = -512 z = 511 roll = -45.05933 pitch = -35.24056,10.8,101681.0,0,0,Latitude: 51.85047, Longitude: -0.9657001,0,12.40406,42.63829,8221,4406,3815,None,
1609459274,47,Acceleration info x = -2 y = -1 z = -202 roll = -179.7296 pitch = 0.5673013,10.92,101688.5,0,0,Latitude: 51.85052, Longitude: -0.9656516,0,12.40406,42.63829,1585,946,639,None,
1609459275,48,Acceleration info x = -2 y = 0 z = -203 roll = 180.0133 pitch = 0.5645137,11.01,101691.7,0,0,Latitude: 51.85052, Longitude: -0.9656617,0,12.40406,42.63829,1540,921,619,None,
1609459276,49,Acceleration info x = -4 y = 1 z = -204 roll = 179.7324 pitch = 1.123372,11.08,101688.9,0,0,Waiting for GPS fix...,0,12.17441,43.95972,1517,908,609,None,
1609459277,50,Acceleration info x = -7 y = 4 z = -205 roll = 178.8954 pitch = 1.955454,11.16,101690.6,0,0,Latitude: 51.85052, Longitude: -0.9656716,0,12.17441,43.95972,1500,898,602,None,
1609459279,51,Acceleration info x = -4 y = 4 z = -205 roll = 178.8954 pitch = 1.117694,11.23,101689.3,0,0,Latitude: 51.85051, Longitude: -0.9656767,0,12.17441,43.95972,1492,893,599,None,
1609459280,52,Acceleration info x = -1 y = 3 z = -206 roll = 179.1788 pitch = 0.2781236,11.32,101688.2,0,0,Waiting for GPS fix...,0,12.17441,43.95972,1489,892,597,None,
1609459281,53,Acceleration info x = -2 y = 2 z = -205 roll = 179.4543 pitch = 0.5589801,11.39,101687.6,0,0,Latitude: -0.9656767, Longitude: 0.01666667,0,12.17441,45.33455,1480,887,593,None,
1609459282,54,Acceleration info x = -4 y = 4 z = -204 roll = 178.8899 pitch = 1.12317,11.47,101687.2,0,0,Waiting for GPS fix...,0,12.17441,45.33455,1476,884,592,None,
1609459283,55,Acceleration info x = -4 y = 1 z = -202 roll = 179.7296 pitch = 1.134491,11.57,101688.6,0,0,Latitude: 0.01666667, Longitude: 9.416666,0,12.17441,45.33455,1471,881,590,None,
1609459284,56,Acceleration info x = -2 y = 4 z = -200 roll = 178.8674 pitch = 0.5728664,11.67,101689.1,0,0,Waiting for GPS fix...,0,12.17441,45.33455,1456,873,583,None,
1609459285,57,Acceleration info x = -4 y = 3 z = -204 roll = 179.1707 pitch = 1.123264,11.76,101688.9,0,0,Waiting for GPS fix...,0,12.21714,46.54459,1456,873,583,None,
1609459286,58,Acceleration info x = -1 y = 2 z = -207 roll = 179.4596 pitch = 0.2767965,11.84,101689.2,0,0,Waiting for GPS fix...,0,12.21714,46.54459,1452,871,581,None,
1609459288,59,Acceleration info x = -5 y = 5 z = -205 roll = 178.616 pitch = 1.396869,11.93,101689.6,0,0,Waiting for GPS fix...,0,12.21714,46.54459,1444,866,578,None,
1609459289,60,Acceleration info x = -3 y = 6 z = -205 roll = 178.3367 pitch = 0.8381179,12.04,101688.9,0,0,Waiting for GPS fix...,0,12.21714,46.54459,1437,862,575,None,
1609459290,61,Acceleration info x = -4 y = 2 z = -206 roll = 179.457 pitch = 1.112429,12.13,101688.0,0,0,Waiting for GPS fix...,0,12.25986,47.71038,1437,862,575,None,
1609459291,62,Acceleration info x = -4 y = 4 z = -208 roll = 178.9115 pitch = 1.101584,12.2,101689.5,0,0,Latitude: 0.01666667, Longitude: 0.05,0,12.25986,47.71038,1435,861,574,None,
1609459292,63,Acceleration info x = -5 y = 2 z = -204 roll = 179.4515 pitch = 1.404063,12.3,101687.9,0,0,Waiting for GPS fix...,0,12.25986,47.71038,1425,854,571,None,
1609459293,64,Acceleration info x = -4 y = 5 z = -206 roll = 178.6228 pitch = 1.112154,12.37,101688.1,0,0,Waiting for GPS fix...,0,12.25986,47.71038,1425,855,570,None,
1609459295,65,Acceleration info x = -3 y = 4 z = -209 roll = 178.9167 pitch = 0.822281,12.48,101688.1,0,0,Waiting for GPS fix...,0,12.36133,48.57557,1431,859,572,None,
1609459296,66,Acceleration info x = -4 y = 2 z = -205 roll = 179.4543 pitch = 1.117854,12.56,101689.7,0,0,Latitude: 51.85051, Longitude: -0.965675,0,12.36133,48.57557,1424,854,570,None,
1609459297,67,Acceleration info x = -4 y = 2 z = -206 roll = 179.457 pitch = 1.112429,12.63,101688.9,0,0,Waiting for GPS fix...,0,12.36133,48.57557,1424,855,569,None,
1609459298,68,Acceleration info x = -5 y = 7 z = -203 roll = 178.0382 pitch = 1.410207,12.71,101690.5,0,0,Waiting for GPS fix...,0,12.36133,48.57557,1425,855,570,None,
1609459299,69,Acceleration info x = -7 y = -1 z = -207 roll = -179.7364 pitch = 1.936921,12.8,101693.0,0,0,Waiting for GPS fix...,0,12.36133,48.57557,1446,867,579,None,
1609459300,70,Acceleration info x = -9 y = 5 z = -204 roll = 178.6091 pitch = 2.525545,12.86,101690.0,0,0,Waiting for GPS fix...,3874,12.43343,49.17373,1437,862,575,None,
1609459301,71,Acceleration info x = -5 y = 5 z = -201 roll = 178.5882 pitch = 1.424639,12.93,101689.4,0,0,Waiting for GPS fix...,3874,12.43343,49.17373,1432,859,573,None,
1609459302,72,Acceleration info x = -1 y = 3 z = -207 roll = 179.1829 pitch = 0.2767804,12.99,101688.6,0,0,Waiting for GPS fix...,3874,12.43343,49.17373,1429,857,572,None,
1609459304,73,Acceleration info x = -5 y = 4 z = -203 roll = 178.8843 pitch = 1.410771,13.08,101689.7,0,0,Waiting for GPS fix...,3874,12.43343,49.17373,1430,858,572,None,
1609459305,74,Acceleration info x = -7 y = 5 z = -205 roll = 178.616 pitch = 1.955244,13.16,101689.0,0,0,Waiting for GPS fix...,0,12.50286,49.50027,1425,855,570,None,
1609459306,75,Acceleration info x = -4 y = 3 z = -205 roll = 179.1748 pitch = 1.117787,13.23,101688.4,0,0,Waiting for GPS fix...,0,12.50286,49.50027,1428,857,571,None,
1609459307,76,Acceleration info x = -5 y = 5 z = -208 roll = 178.6361 pitch = 1.376741,13.3,101689.0,0,0,Waiting for GPS fix...,0,12.50286,49.50027,1423,854,569,None,
1609459308,77,Acceleration info x = -6 y = 6 z = -206 roll = 178.3448 pitch = 1.667754,13.37,101689.0,0,0,Waiting for GPS fix...,0,12.50286,49.50027,1426,855,571,None,
1609459309,78,Acceleration info x = -6 y = 2 z = -207 roll = 179.4596 pitch = 1.660327,13.43,101688.8,0,0,Waiting for GPS fix...,0,12.58564,49.58114,1426,856,570,None,
1609459310,79,Acceleration info x = -3 y = 4 z = -205 roll = 178.8954 pitch = 0.8383172,13.5,101689.4,0,0,Waiting for GPS fix...,0,12.58564,49.58114,1421,853,568,None,
1609459312,80,Acceleration info x = -4 y = 5 z = -202 roll = 178.5952 pitch = 1.134158,13.56,101685.8,0,0,Waiting for GPS fix...,0,12.58564,49.58114,1420,852,568,None,
1609459313,81,Acceleration info x = -3 y = 3 z = -207 roll = 179.1829 pitch = 0.8302895,13.63,101685.7,0,0,Waiting for GPS fix...,0,12.58564,49.58114,1419,852,567,None,
1609459314,82,Acceleration info x = -1 y = 4 z = -206 roll = 178.9008 pitch = 0.2781007,13.71,101689.3,0,0,Latitude: 0.01666667, Longitude: 9.416666,0,12.64973,49.62997,1421,853,568,None,
1609459315,83,Acceleration info x = -4 y = 5 z = -205 roll = 178.616 pitch = 1.117575,13.76,101688.3,0,0,Latitude: 22.7, Longitude: 51.85051,0,12.64973,49.62997,1423,854,569,None,
1609459316,84,Acceleration info x = -4 y = 5 z = -208 roll = 178.6361 pitch = 1.101469,13.81,101688.5,0,0,Latitude: 0.1833333, Longitude: 9.416666,0,12.64973,49.62997,1422,853,569,None,
1609459317,85,Acceleration info x = -4 y = 3 z = -206 roll = 179.1788 pitch = 1.112364,13.9,101688.3,0,0,Waiting for GPS fix...,0,12.64973,49.62997,1420,852,568,None,
1609459318,86,Acceleration info x = -5 y = 5 z = -205 roll = 178.616 pitch = 1.396869,13.96,101690.0,0,0,Waiting for GPS fix...,0,12.76188,49.66659,1422,853,569,None,
1609459319,87,Acceleration info x = -5 y = 5 z = -208 roll = 178.6361 pitch = 1.376741,13.99,101690.0,0,0,Waiting for GPS fix...,0,12.76188,49.66659,1412,848,564,None,
1609459321,88,Acceleration info x = -2 y = 3 z = -206 roll = 179.1788 pitch = 0.5562342,14.07,101690.1,0,0,Waiting for GPS fix...,0,12.76188,49.66659,1416,850,566,None,
1609459322,89,Acceleration info x = -5 y = 5 z = -205 roll = 178.616 pitch = 1.396869,14.14,101689.4,0,0,Waiting for GPS fix...,0,12.76188,49.66659,1415,849,566,None,
1609459323,90,Acceleration info x = -4 y = 2 z = -207 roll = 179.4596 pitch = 1.107057,14.2,101689.2,0,0,Waiting for GPS fix...,0,12.83932,49.73983,1414,849,565,None,
1609459324,91,Acceleration info x = -4 y = 2 z = -208 roll = 179.4623 pitch = 1.101736,14.27,101684.2,0,0,Latitude: -0.9656667, Longitude: 0.06666667,0,12.83932,49.73983,1420,852,568,None,
1609459325,92,Acceleration info x = -3 y = 3 z = -206 roll = 179.1788 pitch = 0.8343185,14.34,101684.0,0,0,Waiting for GPS fix...,0,12.83932,49.73983,1412,848,564,None,
1609459326,93,Acceleration info x = -4 y = 2 z = -206 roll = 179.457 pitch = 1.112429,14.4,101682.4,0,0,Waiting for GPS fix...,0,12.83932,49.73983,1412,849,566,None,
1609459328,94,Acceleration info x = -3 y = 3 z = -206 roll = 179.1788 pitch = 0.8343185,14.43,101683.7,0,0,Waiting for GPS fix...,0,12.83932,49.73983,1411,847,564,None,
1609459329,95,Acceleration info x = -3 y = 4 z = -207 roll = 178.9061 pitch = 0.8302217,14.52,101684.7,0,0,Waiting for GPS fix...,0,12.94347,49.8146,1413,848,565,None,
1609459330,96,Acceleration info x = -4 y = 5 z = -207 roll = 178.6295 pitch = 1.106786,14.57,101683.7,0,0,Waiting for GPS fix...,0,12.94347,49.8146,1409,846,563,None,
1609459331,97,Acceleration info x = -6 y = 5 z = -205 roll = 178.616 pitch = 1.676096,14.63,101684.8,0,0,Waiting for GPS fix...,0,12.94347,49.8146,1408,845,563,None,
1609459332,98,Acceleration info x = -2 y = 3 z = -206 roll = 179.1788 pitch = 0.5562342,14.68,101683.6,0,0,Latitude: -0.965665, Longitude: 0.1333333,0,12.94347,49.8146,1410,847,563,None,
1609459333,99,Acceleration info x = -2 y = 5 z = -206 roll = 178.6228 pitch = 0.5561295,14.75,101686.4,0,0,Waiting for GPS fix...,0,13.03693,49.8848,1407,845,562,None,
1609459334,100,Acceleration info x = -4 y = 5 z = -208 roll = 178.6361 pitch = 1.101469,14.83,101683.7,0,0,Latitude: -0.965665, Longitude: 0.1333333,0,13.03693,49.8848,1407,845,562,None,
1609459335,101,Acceleration info x = -3 y = 3 z = -209 roll = 179.1908 pitch = 0.8223469,14.86,101684.3,0,0,Waiting for GPS fix...,0,13.03693,49.8848,1410,846,564,None,
1609459336,102,Acceleration info x = -6 y = 4 z = -208 roll = 178.9115 pitch = 1.652121,14.91,101685.3,0,0,Waiting for GPS fix...,0,13.03693,49.8848,1410,847,563,None,
1609459338,103,Acceleration info x = -4 y = 7 z = -207 roll = 178.0763 pitch = 1.106476,14.93,101685.6,0,0,Waiting for GPS fix...,0,13.15175,50.05722,1406,844,562,None,
1609459339,104,Acceleration info x = -4 y = 6 z = -208 roll = 178.3608 pitch = 1.101329,15.0,101686.3,0,0,Waiting for GPS fix...,0,13.15175,50.05722,1407,844,563,None,
1609459340,105,Acceleration info x = -2 y = 5 z = -205 roll = 178.616 pitch = 0.5588405,15.08,101683.5,0,0,Waiting for GPS fix...,0,13.15175,50.05722,1405,843,562,None,
1609459341,106,Acceleration info x = -1 y = 2 z = -209 roll = 179.465 pitch = 0.274148,15.14,101686.2,0,0,Waiting for GPS fix...,0,13.15175,50.05722,1406,844,562,None,
1609459342,107,Acceleration info x = -4 y = 3 z = -206 roll = 179.1788 pitch = 1.112364,15.2,101685.1,0,0,Latitude: -0.9656617, Longitude: 0.1833333,0,13.25856,50.06027,1403,843,560,None,
1609459343,108,Acceleration info x = -4 y = 6 z = -209 roll = 178.3687 pitch = 1.096065,15.24,101685.9,0,0,Waiting for GPS fix...,0,13.25856,50.06027,1408,845,563,None,
1609459345,109,Acceleration info x = -1 y = 5 z = -209 roll = 178.6427 pitch = 0.2740822,15.26,101684.1,0,0,Latitude: -0.9656617, Longitude: 0.01666667,0,13.25856,50.06027,1403,842,561,None,
1609459346,110,Acceleration info x = -4 y = 5 z = -205 roll = 178.616 pitch = 1.117575,15.3,101683.0,0,0,Waiting for GPS fix...,0,13.25856,50.06027,1409,846,563,None,
1609459347,111,Acceleration info x = -4 y = 3 z = -207 roll = 179.1829 pitch = 1.106992,15.36,101684.1,0,0,Waiting for GPS fix...,0,13.36271,50.01907,1404,843,561,None,
1609459348,112,Acceleration info x = -4 y = 5 z = -207 roll = 178.6295 pitch = 1.106786,15.41,101683.6,0,0,Waiting for GPS fix...,0,13.36271,50.01907,1404,843,561,None,
1609459349,113,Acceleration info x = -4 y = 3 z = -206 roll = 179.1788 pitch = 1.112364,15.45,101683.0,0,0,Waiting for GPS fix...,0,13.36271,50.01907,1404,843,561,None,
1609459350,114,Acceleration info x = -4 y = 4 z = -206 roll = 178.9008 pitch = 1.112272,15.5,101682.5,0,0,Waiting for GPS fix...,0,13.36271,50.01907,1404,843,561,None,
1609459351,115,Acceleration info x = -3 y = 3 z = -207 roll = 179.1829 pitch = 0.8302895,15.51,101684.8,0,0,Waiting for GPS fix...,0,13.36271,50.01907,1405,844,561,None,
1609459352,116,Acceleration info x = -4 y = 3 z = -209 roll = 179.1908 pitch = 1.096404,15.57,101682.4,0,0,Waiting for GPS fix...,0,13.44816,49.77798,1402,842,560,None,
1609459354,117,Acceleration info x = -3 y = 3 z = -207 roll = 179.1829 pitch = 0.8302895,15.64,101685.0,0,0,Waiting for GPS fix...,0,13.44816,49.77798,1403,842,561,None,
1609459355,118,Acceleration info x = -3 y = 5 z = -211 roll = 178.6557 pitch = 0.8144084,15.67,101685.7,0,0,Waiting for GPS fix...,0,13.44816,49.77798,1403,842,561,None,
1609459356,119,Acceleration info x = -4 y = 5 z = -206 roll = 178.6228 pitch = 1.112154,15.71,101684.9,0,0,Waiting for GPS fix...,0,13.44816,49.77798,1402,842,560,None,
1609459357,120,Acceleration info x = -4 y = 2 z = -208 roll = 179.4623 pitch = 1.101736,15.78,101681.3,0,0,Waiting for GPS fix...,0,13.57633,49.48653,1400,841,559,None,
1609459358,121,Acceleration info x = -4 y = 4 z = -207 roll = 178.9061 pitch = 1.106902,15.83,101681.6,0,0,Waiting for GPS fix...,0,13.57633,49.48653,1399,840,559,None,
1609459359,122,Acceleration info x = -2 y = 2 z = -205 roll = 179.4543 pitch = 0.5589801,15.84,101681.8,0,0,Waiting for GPS fix...,0,13.57633,49.48653,1403,842,561,None,
1609459360,123,Acceleration info x = -3 y = 4 z = -208 roll = 178.9115 pitch = 0.8262322,15.82,101680.0,0,0,Latitude: 0.08333334, Longitude: 9.416666,0,13.57633,49.48653,1401,841,560,None,
1609459362,124,Acceleration info x = -1 y = 7 z = -207 roll = 178.0763 pitch = 0.2766513,15.91,101681.7,0,0,Waiting for GPS fix...,0,13.65644,49.28206,1404,843,561,None,
1609459363,125,Acceleration info x = -4 y = 4 z = -207 roll = 178.9061 pitch = 1.106902,15.93,101681.4,0,0,Latitude: 0.08333334, Longitude: 9.416666,0,13.65644,49.28206,1404,843,561,None,
1609459364,126,Acceleration info x = -4 y = 5 z = -209 roll = 178.6427 pitch = 1.096203,15.95,101680.3,0,0,Latitude: 24.08333, Longitude: 51.85052,0,13.65644,49.28206,1398,839,559,None,
1609459365,127,Acceleration info x = -4 y = 4 z = -207 roll = 178.9061 pitch = 1.106902,16.01,101681.5,0,0,Waiting for GPS fix...,0,13.65644,49.28206,1401,841,560,None,
1609459366,128,Acceleration info x = -1 y = 8 z = -208 roll = 177.8105 pitch = 0.2752751,16.05,101682.9,0,0,Waiting for GPS fix...,0,13.74456,49.08675,1396,838,558,None,
1609459367,129,Acceleration info x = -4 y = 7 z = -209 roll = 178.0948 pitch = 1.095902,16.08,101682.1,0,0,Waiting for GPS fix...,0,13.74456,49.08675,1398,839,559,None,
1609459368,130,Acceleration info x = -1 y = 2 z = -209 roll = 179.465 pitch = 0.274148,16.12,101682.8,0,0,Waiting for GPS fix...,0,13.74456,49.08675,1398,839,559,None,
1609459370,131,Acceleration info x = -2 y = 3 z = -208 roll = 179.1869 pitch = 0.5508873,16.14,101681.1,0,0,Waiting for GPS fix...,0,13.74456,49.08675,1399,840,559,None,
1609459371,132,Acceleration info x = -6 y = 8 z = -210 roll = 177.8315 pitch = 1.635512,16.22,101682.6,0,0,Waiting for GPS fix...,0,13.84069,48.86702,1399,840,559,None,
1609459372,133,Acceleration info x = -4 y = 4 z = -209 roll = 178.9167 pitch = 1.096316,16.27,101682.8,0,0,Waiting for GPS fix...,0,13.84069,48.86702,1400,841,559,None,
1609459373,134,Acceleration info x = -2 y = 5 z = -209 roll = 178.6427 pitch = 0.5481518,16.32,101681.7,0,0,Waiting for GPS fix...,0,13.84069,48.86702,1398,839,559,None,
1609459374,135,Acceleration info x = -4 y = 5 z = -207 roll = 178.6295 pitch = 1.106786,16.39,101680.8,0,0,Waiting for GPS fix...,0,13.84069,48.86702,1398,840,558,None,
1609459375,136,Acceleration info x = -8 y = 4 z = -207 roll = 178.9061 pitch = 2.212978,16.41,101682.6,0,0,Waiting for GPS fix...,0,13.92882,48.72206,1399,840,559,None,
1609459376,137,Acceleration info x = -4 y = 5 z = -204 roll = 178.6091 pitch = 1.123048,16.43,101682.2,0,0,Waiting for GPS fix...,0,13.92882,48.72206,1396,838,558,None,
1609459377,138,Acceleration info x = -6 y = 6 z = -209 roll = 178.3687 pitch = 1.643847,16.47,101680.3,0,0,Latitude: 51.85054, Longitude: -0.9656417,0,13.92882,48.72206,1396,838,558,None,
1609459379,139,Acceleration info x = -3 y = 2 z = -208 roll = 179.4623 pitch = 0.8263468,16.52,101680.4,0,0,Waiting for GPS fix...,0,13.92882,48.72206,1397,839,558,None,
1609459380,140,Acceleration info x = -4 y = 3 z = -208 roll = 179.1869 pitch = 1.101673,16.56,101680.5,0,0,Latitude: 51.85054, Longitude: -0.9656384,0,13.92882,48.72206,1395,837,558,None,
1609459381,141,Acceleration info x = -6 y = 4 z = -209 roll = 178.9167 pitch = 1.644223,16.59,101680.3,0,0,Waiting for GPS fix...,0,14.05432,48.50996,1396,838,558,None,
1609459382,142,Acceleration info x = -5 y = 7 z = -210 roll = 178.104 pitch = 1.363271,16.63,101678.1,0,0,Latitude: 51.85054, Longitude: -0.9656366,0,14.05432,48.50996,1397,839,558,None,
1609459383,143,Acceleration info x = -3 y = 7 z = -210 roll = 178.104 pitch = 0.8180614,16.66,101680.8,0,0,Waiting for GPS fix...,0,14.05432,48.50996,1401,841,560,None,
1609459384,144,Acceleration info x = -3 y = 3 z = -207 roll = 179.1829 pitch = 0.8302895,16.71,101680.3,0,0,Latitude: 51.85054, Longitude: -0.9656317,0,14.05432,48.50996,1398,839,559,None,
1609459385,145,Acceleration info x = -2 y = 2 z = -212 roll = 179.4727 pitch = 0.540526,16.76,101677.8,0,0,Waiting for GPS fix...,0,14.13443,48.06287,1400,841,559,None,
1609459387,146,Acceleration info x = -5 y = 6 z = -210 roll = 178.3766 pitch = 1.363472,16.79,101679.0,0,0,Waiting for GPS fix...,0,14.13443,48.06287,1399,840,559,None,
1609459388,147,Acceleration info x = -4 y = 3 z = -208 roll = 179.1869 pitch = 1.101673,16.85,101678.1,0,0,Waiting for GPS fix...,0,14.13443,48.06287,1398,839,559,None,
1609459389,148,Acceleration info x = -2 y = 5 z = -208 roll = 178.6361 pitch = 0.5507854,16.89,101678.8,0,0,Waiting for GPS fix...,0,14.13443,48.06287,1397,839,558,None,
1609459390,149,Acceleration info x = -4 y = 2 z = -207 roll = 179.4596 pitch = 1.107057,16.95,101679.9,0,0,Waiting for GPS fix...,0,14.26795,47.57,1400,840,560,None,
1609459391,150,Acceleration info x = -3 y = 6 z = -210 roll = 178.3766 pitch = 0.8181819,16.98,101679.0,0,0,Waiting for GPS fix...,0,14.26795,47.57,1397,839,558,None,
1609459392,151,Acceleration info x = -4 y = 2 z = -210 roll = 179.4676 pitch = 1.091247,17.04,101679.4,0,0,Latitude: 51.85055, Longitude: -0.9656199,0,14.26795,47.57,1397,839,558,None,
1609459393,152,Acceleration info x = -4 y = 5 z = -211 roll = 178.6557 pitch = 1.085821,17.06,101680.5,0,0,Waiting for GPS fix...,0,14.26795,47.57,1396,838,558,None,
1609459394,153,Acceleration info x = -5 y = 6 z = -207 roll = 178.3529 pitch = 1.383208,17.09,101681.0,0,0,Waiting for GPS fix...,0,14.3801,47.30754,1398,839,559,None,
1609459396,154,Acceleration info x = -4 y = 4 z = -207 roll = 178.9061 pitch = 1.106902,17.09,101679.0,0,0,Waiting for GPS fix...,0,14.3801,47.30754,1396,838,558,None,
1609459397,155,Acceleration info x = -3 y = 4 z = -210 roll = 178.922 pitch = 0.8183673,17.14,101679.1,0,0,Waiting for GPS fix...,0,14.3801,47.30754,1397,839,558,None,
1609459398,156,Acceleration info x = -2 y = 4 z = -208 roll = 178.9115 pitch = 0.5508427,17.15,101680.1,0,0,Waiting for GPS fix...,0,14.3801,47.30754,1397,838,559,None,
1609459399,157,Acceleration info x = -4 y = 6 z = -209 roll = 178.3687 pitch = 1.096065,17.18,101681.2,0,0,Waiting for GPS fix...,0,14.48158,47.15801,1398,839,559,None,
1609459400,158,Acceleration info x = -5 y = 5 z = -213 roll = 178.6684 pitch = 1.344453,17.17,101681.2,0,0,Latitude: -0.9656116, Longitude: 0.03333333,0,14.48158,47.15801,1397,839,558,None,
1609459401,159,Acceleration info x = -3 y = 4 z = -210 roll = 178.922 pitch = 0.8183673,17.15,101680.8,0,0,Waiting for GPS fix...,0,14.48158,47.15801,1398,839,559,None,
1609459402,160,Acceleration info x = -3 y = 4 z = -210 roll = 178.922 pitch = 0.8183673,17.27,101681.6,0,0,Latitude: -0.9656084, Longitude: 0.03333333,0,14.48158,47.15801,1394,837,557,None,
1609459404,161,Acceleration info x = -4 y = 2 z = -209 roll = 179.465 pitch = 1.096467,17.32,101682.5,0,0,Waiting for GPS fix...,0,14.551,46.78721,1401,841,560,None,
1609459405,162,Acceleration info x = -5 y = 4 z = -209 roll = 178.9167 pitch = 1.370301,17.28,101681.8,0,0,Waiting for GPS fix...,0,14.551,46.78721,1396,838,558,None,
1609459406,163,Acceleration info x = -4 y = 7 z = -210 roll = 178.104 pitch = 1.090691,17.3,101681.3,0,0,Waiting for GPS fix...,0,14.551,46.78721,1393,836,557,None,
1609459407,164,Acceleration info x = -1 y = 3 z = -212 roll = 179.2025 pitch = 0.2702539,17.34,101681.4,0,0,Waiting for GPS fix...,0,14.551,46.78721,1399,840,559,None,
1609459408,165,Acceleration info x = -5 y = 3 z = -208 roll = 179.1869 pitch = 1.376995,17.31,101680.9,0,0,Waiting for GPS fix...,0,14.551,46.78721,1397,838,559,None,
1609459409,166,Acceleration info x = -3 y = 6 z = -210 roll = 178.3766 pitch = 0.8181819,17.35,101682.9,0,0,Waiting for GPS fix...,0,14.6418,46.48356,1395,838,557,None,
1609459410,167,Acceleration info x = -5 y = 5 z = -209 roll = 178.6427 pitch = 1.37016,17.39,101681.5,0,0,Latitude: 0.03333333, Longitude: 9.416666,0,14.6418,46.48356,1396,838,558,None,
1609459411,168,Acceleration info x = -4 y = 2 z = -211 roll = 179.4701 pitch = 1.086077,17.44,101683.2,0,0,Latitude: 25.45, Longitude: 51.85056,0,14.6418,46.48356,1395,837,558,None,
1609459413,169,Acceleration info x = -2 y = 3 z = -211 roll = 179.1986 pitch = 0.5430568,17.49,101682.6,0,0,Latitude: 0.01666667, Longitude: 9.416666,0,14.6418,46.48356,1398,840,558,None,
1609459414,170,Acceleration info x = -4 y = 4 z = -207 roll = 178.9061 pitch = 1.106902,17.49,101683.4,0,0,Latitude: 25.48333, Longitude: 51.85056,0,14.72725,46.32181,1394,837,557,None,
1609459415,171,Acceleration info x = -4 y = 5 z = -210 roll = 178.6492 pitch = 1.090988,17.54,101683.5,0,0,Waiting for GPS fix...,0,14.72725,46.32181,1395,838,557,None,
1609459416,172,Acceleration info x = -4 y = 3 z = -211 roll = 179.1986 pitch = 1.086016,17.53,101684.2,0,0,Waiting for GPS fix...,0,14.72725,46.32181,1399,840,559,None,
1609459417,173,Acceleration info x = -5 y = 4 z = -207 roll = 178.9061 pitch = 1.383531,17.55,101683.1,0,0,Waiting for GPS fix...,0,14.72725,46.32181,1396,838,558,None,
1609459418,174,Acceleration info x = -6 y = 5 z = -212 roll = 178.6621 pitch = 1.620815,17.57,101682.1,0,0,Waiting for GPS fix...,2993,14.83139,46.40269,1395,837,558,None,
1609459420,175,Acceleration info x = -7 y = 4 z = -208 roll = 178.9115 pitch = 1.927282,17.58,101681.5,0,0,Waiting for GPS fix...,2993,14.83139,46.40269,1398,839,559,None,
1609459421,176,Acceleration info x = -6 y = 5 z = -210 roll = 178.6492 pitch = 1.636234,17.57,101682.7,0,0,Waiting for GPS fix...,2993,14.83139,46.40269,1399,840,559,None,
1609459422,177,Acceleration info x = -7 y = 3 z = -208 roll = 179.1869 pitch = 1.927438,17.62,101680.8,0,0,Waiting for GPS fix...,2993,14.83139,46.40269,1401,841,560,None,
1609459423,178,Acceleration info x = -4 y = 4 z = -210 roll = 178.922 pitch = 1.091099,17.62,101682.2,0,0,Waiting for GPS fix...,0,14.90349,46.43778,1405,843,562,None,
1609459424,179,Acceleration info x = -4 y = 5 z = -209 roll = 178.6427 pitch = 1.096203,17.63,101684.6,0,0,Waiting for GPS fix...,0,14.90349,46.43778,1399,840,559,None,
1609459425,180,Acceleration info x = -3 y = 4 z = -210 roll = 178.922 pitch = 0.8183673,17.61,101683.5,0,0,Waiting for GPS fix...,0,14.90349,46.43778,1402,842,560,None,
1609459426,181,Acceleration info x = -9 y = 4 z = -208 roll = 178.9115 pitch = 2.477324,17.59,101683.1,0,0,Waiting for GPS fix...,0,14.90349,46.43778,1404,843,561,None,
1609459427,182,Acceleration info x = -7 y = 3 z = -208 roll = 179.1869 pitch = 1.927438,17.64,101681.2,0,0,Waiting for GPS fix...,0,14.95956,46.14634,1403,842,561,None,
1609459428,183,Acceleration info x = -6 y = 3 z = -210 roll = 179.1947 pitch = 1.636531,17.62,101680.8,0,0,Waiting for GPS fix...,0,14.95956,46.14634,1400,840,560,None,
1609459430,184,Acceleration info x = -5 y = 5 z = -210 roll = 178.6492 pitch = 1.363642,17.68,101683.3,0,0,Waiting for GPS fix...,0,14.95956,46.14634,1402,841,561,None,
1609459431,185,Acceleration info x = -8 y = 7 z = -210 roll = 178.104 pitch = 2.180592,17.71,101682.6,0,0,Waiting for GPS fix...,0,14.95956,46.14634,1402,842,560,None,
1609459432,186,Acceleration info x = -9 y = 4 z = -213 roll = 178.9373 pitch = 2.419261,17.74,101683.1,0,0,Waiting for GPS fix...,0,14.95956,46.14634,1400,841,559,None,
1609459433,187,Acceleration info x = -1 y = 6 z = -209 roll = 178.3687 pitch = 0.2740477,17.77,101684.3,0,0,Waiting for GPS fix...,0,15.02632,45.82437,1406,844,562,None,
1609459434,188,Acceleration info x = -5 y = 3 z = -211 roll = 179.1986 pitch = 1.357429,17.82,101683.8,0,0,Waiting for GPS fix...,0,15.02632,45.82437,1404,842,562,None,
1609459435,189,Acceleration info x = -7 y = 7 z = -211 roll = 178.113 pitch = 1.899207,17.79,101683.2,0,0,Waiting for GPS fix...,0,15.02632,45.82437,1409,845,564,None,
1609459437,190,Acceleration info x = -7 y = 4 z = -209 roll = 178.9167 pitch = 1.918071,17.72,101683.5,0,0,Waiting for GPS fix...,0,15.02632,45.82437,1410,846,564,None,
1609459438,191,Acceleration info x = -4 y = 7 z = -213 roll = 178.1308 pitch = 1.075349,17.77,101682.1,0,0,Latitude: 51.85056, Longitude: -0.9656017,0,15.10376,45.71908,1415,849,566,None,
1609459439,192,Acceleration info x = -8 y = 5 z = -210 roll = 178.6492 pitch = 2.181185,17.79,101681.8,0,0,Waiting for GPS fix...,0,15.10376,45.71908,1409,846,563,None,
1609459440,193,Acceleration info x = -6 y = 4 z = -209 roll = 178.9167 pitch = 1.644223,17.84,101679.2,0,0,Latitude: 51.85056, Longitude: -0.9656017,0,15.10376,45.71908,1412,847,565,None,
1609459441,194,Acceleration info x = -5 y = 3 z = -209 roll = 179.1908 pitch = 1.370411,17.84,101682.0,0,0,Waiting for GPS fix...,0,15.10376,45.71908,1407,844,563,None,
1609459442,195,Acceleration info x = -3 y = 3 z = -208 roll = 179.1869 pitch = 0.8262991,17.8,101682.8,0,0,Latitude: 51.85056, Longitude: -0.9656017,0,15.13848,45.52529,1410,846,564,None,
1609459443,196,Acceleration info x = -2 y = 2 z = -208 roll = 179.4623 pitch = 0.5509191,17.83,101684.0,0,0,Waiting for GPS fix...,0,15.13848,45.52529,1408,845,563,None,
1609459444,197,Acceleration info x = -2 y = 5 z = -207 roll = 178.6295 pitch = 0.5534445,17.88,101685.5,0,0,Waiting for GPS fix...,0,15.13848,45.52529,1406,844,562,None,
1609459445,198,Acceleration info x = -4 y = 6 z = -212 roll = 178.392 pitch = 1.080571,17.83,101684.0,0,0,Waiting for GPS fix...,0,15.13848,45.52529,1405,843,562,None,
1609459447,199,Acceleration info x = -4 y = 2 z = -210 roll = 179.4676 pitch = 1.091247,17.79,101682.6,0,0,Waiting for GPS fix...,0,15.21859,45.30556,1415,849,566,None,
1609459448,200,Acceleration info x = -7 y = 6 z = -209 roll = 178.3687 pitch = 1.917632,17.72,101679.9,0,0,Waiting for GPS fix...,0,15.21859,45.30556,1410,846,564,None,
1609459449,201,Acceleration info x = -5 y = 6 z = -207 roll = 178.3529 pitch = 1.383208,17.73,101682.2,0,0,Waiting for GPS fix...,0,15.21859,45.30556,1416,849,567,None,
1609459450,202,Acceleration info x = -7 y = 3 z = -209 roll = 179.1908 pitch = 1.918224,17.73,101681.4,0,0,Latitude: -0.9656, Longitude: 0.05,0,15.21859,45.30556,1412,847,565,None,
1609459451,203,Acceleration info x = -7 y = 5 z = -207 roll = 178.6295 pitch = 1.936378,17.74,101680.3,0,0,Waiting for GPS fix...,0,15.22927,45.10719,1414,848,566,None,
1609459452,204,Acceleration info x = -6 y = 2 z = -214 roll = 179.4778 pitch = 1.606051,17.74,101681.0,0,0,Latitude: 0.03333333, Longitude: 9.416666,0,15.22927,45.10719,1410,846,564,None,
1609459454,205,Acceleration info x = -2 y = 6 z = -211 roll = 178.3843 pitch = 0.5428923,17.71,101679.6,0,0,Latitude: 26.06667, Longitude: 51.85057,0,15.22927,45.10719,1414,848,566,None,
1609459455,206,Acceleration info x = -6 y = 3 z = -204 roll = 179.1707 pitch = 1.684626,17.71,101680.4,0,0,Waiting for GPS fix...,0,15.22927,45.10719,1410,846,564,None,
1609459456,207,Acceleration info x = -4 y = 6 z = -211 roll = 178.3843 pitch = 1.085687,17.67,101679.7,0,0,Waiting for GPS fix...,0,15.22927,45.10719,1409,845,564,None,
1609459457,208,Acceleration info x = -5 y = 7 z = -213 roll = 178.1308 pitch = 1.344098,17.69,101680.8,0,0,Waiting for GPS fix...,0,15.25597,44.67842,1409,846,563,None,
1609459458,209,Acceleration info x = -3 y = 5 z = -211 roll = 178.6557 pitch = 0.8144084,17.73,101679.3,0,0,Waiting for GPS fix...,0,15.25597,44.67842,1405,843,562,None,
1609459459,210,Acceleration info x = -8 y = 6 z = -212 roll = 178.392 pitch = 2.160375,17.74,101678.1,0,0,Waiting for GPS fix...,0,15.25597,44.67842,1408,845,563,None,
1609459460,211,Acceleration info x = -2 y = 6 z = -208 roll = 178.3608 pitch = 0.5507155,17.8,101679.1,0,0,Waiting for GPS fix...,0,15.25597,44.67842,1406,844,562,None,
1609459461,212,Acceleration info x = -7 y = 2 z = -209 roll = 179.465 pitch = 1.918334,17.79,101682.6,0,0,Latitude: 51.85057, Longitude: -0.9655983,0,15.27199,44.32898,1406,844,562,None,
1609459463,213,Acceleration info x = -5 y = 3 z = -208 roll = 179.1869 pitch = 1.376995,17.8,101682.1,0,0,Waiting for GPS fix...,0,15.27199,44.32898,1408,845,563,None,
1609459464,214,Acceleration info x = -6 y = 6 z = -211 roll = 178.3843 pitch = 1.628287,17.78,101682.3,0,0,Latitude: 51.85057, Longitude: -0.9655983,0,15.27199,44.32898,1407,845,562,None,
1609459465,215,Acceleration info x = -5 y = 4 z = -209 roll = 178.9167 pitch = 1.370301,17.76,101680.6,0,0,Waiting for GPS fix...,0,15.27199,44.32898,1405,843,562,None,
1609459466,216,Acceleration info x = -4 y = 3 z = -210 roll = 179.1947 pitch = 1.091185,17.76,101679.8,0,0,Waiting for GPS fix...,2102,15.34142,44.29694,1405,843,562,None,
1609459467,217,Acceleration info x = -5 y = 4 z = -209 roll = 178.9167 pitch = 1.370301,17.72,101681.2,0,0,Waiting for GPS fix...,2102,15.34142,44.29694,1406,844,562,None,
1609459468,218,Acceleration info x = -3 y = 1 z = -206 roll = 179.7351 pitch = 0.8343972,17.73,101681.5,0,0,Waiting for GPS fix...,2102,15.34142,44.29694,1404,843,561,None,
1609459469,219,Acceleration info x = -6 y = 5 z = -207 roll = 178.6295 pitch = 1.659921,17.74,101682.4,0,0,Waiting for GPS fix...,2102,15.34142,44.29694,1412,848,564,None,
1609459471,220,Acceleration info x = -3 y = 6 z = -213 roll = 178.3996 pitch = 0.8066689,17.67,101679.0,0,0,Latitude: 0.1, Longitude: 0.1666667,0,15.35744,44.46326,1406,844,562,None,
1609459472,221,Acceleration info x = -8 y = 5 z = -208 roll = 178.6361 pitch = 2.202125,17.74,101680.3,0,0,Latitude: 0.1166667, Longitude: 9.416666,0,15.35744,44.46326,1405,843,562,None,
1609459473,222,Acceleration info x = -4 y = 5 z = -212 roll = 178.6621 pitch = 1.080703,17.72,101680.5,0,0,Latitude: 27.01667, Longitude: 51.85057,0,15.35744,44.46326,1409,846,563,None,
1609459474,223,Acceleration info x = -7 y = 7 z = -208 roll = 178.0856 pitch = 1.926548,17.72,101679.9,0,0,Waiting for GPS fix...,0,15.35744,44.46326,1404,843,561,None,
1609459475,224,Acceleration info x = -7 y = 4 z = -209 roll = 178.9167 pitch = 1.918071,17.73,101681.5,0,0,Waiting for GPS fix...,0,15.36011,44.47089,1404,843,561,None,
1609459476,225,Acceleration info x = -2 y = 2 z = -208 roll = 179.4623 pitch = 0.5509191,17.75,101679.0,0,0,Waiting for GPS fix...,0,15.36011,44.47089,1407,845,562,None,
1609459477,226,Acceleration info x = -7 y = 4 z = -210 roll = 178.922 pitch = 1.908947,17.79,101680.4,0,0,Waiting for GPS fix...,0,15.36011,44.47089,1403,842,561,None,
1609459479,227,Acceleration info x = -4 y = 6 z = -210 roll = 178.3766 pitch = 1.090852,17.79,101681.1,0,0,Waiting for GPS fix...,0,15.36011,44.47089,1408,845,563,None,
1609459480,228,Acceleration info x = -2 y = 7 z = -212 roll = 178.122 pitch = 0.5402555,17.79,101680.5,0,0,Latitude: 0.1, Longitude: 9.416666,1589,15.41352,44.54566,1408,845,563,None,
1609459481,229,Acceleration info x = -5 y = 6 z = -213 roll = 178.3996 pitch = 1.34429,17.81,101681.4,0,0,Waiting for GPS fix...,1589,15.41352,44.54566,1405,843,562,None,
1609459482,230,Acceleration info x = -7 y = 4 z = -211 roll = 178.9271 pitch = 1.89991,17.78,101680.3,0,0,Latitude: 0.06666667, Longitude: 9.416666,1589,15.41352,44.54566,1406,844,562,None,
1609459483,231,Acceleration info x = -5 y = 5 z = -210 roll = 178.6492 pitch = 1.363642,17.85,101682.8,0,0,Latitude: 27.16667, Longitude: 51.85057,1589,15.41352,44.54566,1405,843,562,None,
1609459484,232,Acceleration info x = -3 y = 4 z = -214 roll = 178.9424 pitch = 0.8030781,17.81,101680.8,0,0,Waiting for GPS fix...,1589,15.41352,44.54566,1405,843,562,None,
1609459485,233,Acceleration info x = -8 y = 4 z = -206 roll = 178.9008 pitch = 2.223706,17.75,101680.4,0,0,Waiting for GPS fix...,0,15.4242,44.64943,1409,846,563,None,
1609459486,234,Acceleration info x = -7 y = 4 z = -210 roll = 178.922 pitch = 1.908947,17.78,101680.2,0,0,Latitude: 51.85057, Longitude: -0.9655899,0,15.4242,44.64943,1405,843,562,None,
1609459488,235,Acceleration info x = -5 y = 5 z = -208 roll = 178.6361 pitch = 1.376741,17.79,101681.2,0,0,Latitude: 51.85057, Longitude: -0.9655899,0,15.4242,44.64943,1404,843,561,None,
1609459489,236,Acceleration info x = -4 y = 7 z = -211 roll = 178.113 pitch = 1.085529,17.8,101681.2,0,0,Waiting for GPS fix...,0,15.4242,44.64943,1404,843,561,None,
1609459490,237,Acceleration info x = -10 y = 5 z = -210 roll = 178.6492 pitch = 2.72574,17.7,101681.0,0,0,Latitude: 51.85057, Longitude: -0.9655899,0,15.47227,44.6479,1404,843,561,None,
1609459491,238,Acceleration info x = -4 y = 3 z = -213 roll = 179.2063 pitch = 1.075823,17.69,101678.6,0,0,Waiting for GPS fix...,0,15.47227,44.6479,1404,843,561,None,
1609459492,239,Acceleration info x = -3 y = 7 z = -213 roll = 178.1308 pitch = 0.8065536,17.76,101681.3,0,0,Latitude: -0.9655899, Longitude: 0.06666667,0,15.47227,44.6479,1403,842,561,None,
1609459493,240,Acceleration info x = -5 y = 5 z = -212 roll = 178.6621 pitch = 1.350789,17.71,101681.0,0,0,Waiting for GPS fix...,0,15.47227,44.6479,1403,842,561,None,
1609459494,241,Acceleration info x = -5 y = 6 z = -209 roll = 178.3687 pitch = 1.369988,17.72,101679.2,0,0,Waiting for GPS fix...,0,15.45892,44.35492,1401,841,560,None,
1609459495,242,Acceleration info x = -3 y = 4 z = -211 roll = 178.9271 pitch = 0.8144907,17.78,101680.9,0,0,Waiting for GPS fix...,0,15.45892,44.35492,1402,841,561,None,
1609459497,243,Acceleration info x = -7 y = 4 z = -211 roll = 178.9271 pitch = 1.89991,17.7,101681.6,0,0,Waiting for GPS fix...,0,15.45892,44.35492,1405,843,562,None,
1609459498,244,Acceleration info x = -5 y = 5 z = -209 roll = 178.6427 pitch = 1.37016,17.68,101680.6,0,0,Waiting for GPS fix...,0,15.45892,44.35492,1402,842,560,None,
1609459499,245,Acceleration info x = -5 y = 2 z = -211 roll = 179.4701 pitch = 1.357505,17.73,101678.6,0,0,Waiting for GPS fix...,0,15.46693,44.03143,1405,843,562,None,
1609459500,246,Acceleration info x = -4 y = 4 z = -208 roll = 178.9115 pitch = 1.101584,17.71,101680.4,0,0,Waiting for GPS fix...,0,15.46693,44.03143,1402,842,560,None,
1609459501,247,Acceleration info x = -6 y = 6 z = -211 roll = 178.3843 pitch = 1.628287,17.78,101680.2,0,0,Waiting for GPS fix...,0,15.46693,44.03143,1403,842,561,None,
1609459502,248,Acceleration info x = -3 y = 5 z = -209 roll = 178.6427 pitch = 0.8221963,17.8,101680.5,0,0,Waiting for GPS fix...,0,15.46693,44.03143,1402,842,560,None,
1609459503,249,Acceleration info x = -5 y = 3 z = -208 roll = 179.1869 pitch = 1.376995,17.81,101680.7,0,0,Waiting for GPS fix...,0,15.48829,43.91089,1403,843,560,None,
1609459505,250,Acceleration info x = -6 y = 6 z = -209 roll = 178.3687 pitch = 1.643847,17.71,101680.3,0,0,Waiting for GPS fix...,0,15.48829,43.91089,1404,842,562,None,
1609459506,251,Acceleration info x = -2 y = 4 z = -215 roll = 178.9473 pitch = 0.5329156,17.69,101679.3,0,0,Waiting for GPS fix...,0,15.48829,43.91089,1404,843,561,None,
1609459507,252,Acceleration info x = -2 y = 5 z = -213 roll = 178.6684 pitch = 0.5378642,17.71,101679.0,0,0,Waiting for GPS fix...,0,15.48829,43.91089,1402,842,560,None,
1609459508,253,Acceleration info x = -7 y = 2 z = -211 roll = 179.4701 pitch = 1.900166,17.7,101678.0,0,0,Waiting for GPS fix...,0,15.52567,43.86511,1402,842,560,None,
1609459509,254,Acceleration info x = -5 y = 3 z = -211 roll = 179.1986 pitch = 1.357429,17.75,101675.4,0,0,Waiting for GPS fix...,0,15.52567,43.86511,1403,842,561,None,
1609459510,255,Acceleration info x = -4 y = 2 z = -212 roll = 179.4727 pitch = 1.080956,17.79,101679.0,0,0,Waiting for GPS fix...,0,15.52567,43.86511,1403,842,561,None,
1609459511,256,Acceleration info x = -6 y = 4 z = -209 roll = 178.9167 pitch = 1.644223,17.83,101679.0,0,0,Latitude: -0.9655884, Longitude: 0.05,0,15.52567,43.86511,1403,843,560,None,
1609459512,257,Acceleration info x = -7 y = 5 z = -208 roll = 178.6361 pitch = 1.927081,17.83,101678.3,0,0,Waiting for GPS fix...,0,15.52567,43.86511,1403,842,561,None,
1609459514,258,Acceleration info x = -3 y = 6 z = -209 roll = 178.3687 pitch = 0.8220929,17.81,101680.0,0,0,Waiting for GPS fix...,0,15.55772,43.53704,1406,844,562,None,
1609459515,259,Acceleration info x = -5 y = 4 z = -212 roll = 178.9323 pitch = 1.350924,17.81,101677.9,0,0,Latitude: 27.11667, Longitude: 28.71667,0,15.55772,43.53704,1402,842,560,None,
1609459516,260,Acceleration info x = -7 y = 4 z = -213 roll = 178.9373 pitch = 1.88209,17.76,101679.2,0,0,Waiting for GPS fix...,0,15.55772,43.53704,1406,844,562,None,
1609459517,261,Acceleration info x = -5 y = 5 z = -212 roll = 178.6621 pitch = 1.350789,17.79,101678.2,0,0,Waiting for GPS fix...,0,15.55772,43.53704,1410,846,564,None,
1609459518,262,Acceleration info x = -4 y = 3 z = -209 roll = 179.1908 pitch = 1.096404,17.79,101678.2,0,0,Waiting for GPS fix...,1248,15.5951,43.52178,1404,843,561,None,
1609459519,263,Acceleration info x = -4 y = 3 z = -214 roll = 179.21 pitch = 1.070798,17.83,101676.8,0,0,Waiting for GPS fix...,1248,15.5951,43.52178,1405,843,562,None,
1609459521,264,Acceleration info x = -9 y = 5 z = -212 roll = 178.6621 pitch = 2.430412,17.82,101678.1,0,0,Latitude: 51.85057, Longitude: -0.9655884,1248,15.5951,43.52178,1405,843,562,None,
1609459522,265,Acceleration info x = -3 y = 5 z = -214 roll = 178.6747 pitch = 0.8029993,17.8,101678.5,0,0,Waiting for GPS fix...,1248,15.5951,43.52178,1410,846,564,None,
1609459523,266,Acceleration info x = -5 y = 6 z = -210 roll = 178.3766 pitch = 1.363472,17.76,101675.6,0,0,Latitude: 51.85057, Longitude: -0.9655884,0,15.60044,43.3875,1407,845,562,None,
1609459524,267,Acceleration info x = -5 y = 2 z = -208 roll = 179.4623 pitch = 1.377075,17.83,101678.3,0,0,Waiting for GPS fix...,0,15.60044,43.3875,1410,846,564,None,
1609459525,268,Acceleration info x = -4 y = 3 z = -211 roll = 179.1986 pitch = 1.086016,17.73,101677.2,0,0,Waiting for GPS fix...,0,15.60044,43.3875,1410,846,564,None,
1609459526,269,Acceleration info x = -2 y = 5 z = -211 roll = 178.6557 pitch = 0.5429592,17.68,101674.9,0,0,Waiting for GPS fix...,0,15.60044,43.3875,1407,844,563,None,
1609459527,270,Acceleration info x = -3 y = 5 z = -210 roll = 178.6492 pitch = 0.8182839,17.7,101679.4,0,0,Waiting for GPS fix...,0,15.60845,43.3051,1405,843,562,None,
1609459528,271,Acceleration info x = -6 y = 7 z = -210 roll = 178.104 pitch = 1.635789,17.68,101677.0,0,0,Waiting for GPS fix...,0,15.60845,43.3051,1409,845,564,None,
1609459530,272,Acceleration info x = -6 y = 5 z = -211 roll = 178.6557 pitch = 1.628488,17.74,101676.6,0,0,Waiting for GPS fix...,0,15.60845,43.3051,1407,844,563,None,
1609459531,273,Acceleration info x = -5 y = 4 z = -211 roll = 178.9271 pitch = 1.357322,17.75,101677.6,0,0,Latitude: -0.9655884, Longitude: 0.05,0,15.60845,43.3051,1408,845,563,None,
1609459532,274,Acceleration info x = -2 y = 4 z = -211 roll = 178.9271 pitch = 0.5430141,17.75,101679.0,0,0,Waiting for GPS fix...,0,15.5951,43.1342,1410,846,564,None,
1609459533,275,Acceleration info x = -6 y = 8 z = -211 roll = 177.8418 pitch = 1.627776,17.74,101678.0,0,0,Latitude: -0.9655884, Longitude: 0.06666667,0,15.5951,43.1342,1406,844,562,None,
1609459534,276,Acceleration info x = -6 y = 5 z = -210 roll = 178.6492 pitch = 1.636234,17.75,101678.2,0,0,Waiting for GPS fix...,0,15.5951,43.1342,1407,845,562,None,
1609459535,277,Acceleration info x = -5 y = 1 z = -209 roll = 179.7391 pitch = 1.370536,17.75,101678.9,0,0,Waiting for GPS fix...,0,15.5951,43.1342,1409,846,563,None,
1609459536,278,Acceleration info x = -8 y = 3 z = -211 roll = 179.1986 pitch = 2.171252,17.68,101679.1,0,0,Waiting for GPS fix...,0,15.5951,43.1342,1409,846,563,None,
1609459538,279,Acceleration info x = -4 y = 4 z = -213 roll = 178.9373 pitch = 1.07574,17.7,101678.1,0,0,Waiting for GPS fix...,0,15.61913,43.12658,1407,844,563,None,
1609459539,280,Acceleration info x = -4 y = 3 z = -212 roll = 179.2025 pitch = 1.080896,17.75,101677.5,0,0,Waiting for GPS fix...,0,15.61913,43.12658,1411,847,564,None,
1609459540,281,Acceleration info x = -5 y = 7 z = -212 roll = 178.122 pitch = 1.350429,17.71,101679.0,0,0,Waiting for GPS fix...,0,15.61913,43.12658,1405,844,561,None,
1609459541,282,Acceleration info x = -5 y = 7 z = -208 roll = 178.0856 pitch = 1.37636,17.7,101679.5,0,0,Latitude: 0.08333334, Longitude: 9.416666,0,15.61913,43.12658,1404,843,561,None,
1609459542,283,Acceleration info x = -6 y = 6 z = -210 roll = 178.3766 pitch = 1.63603,17.57,101679.9,0,0,Latitude: 29.11667, Longitude: 51.85057,0,15.60845,43.06706,1410,846,564,None,
1609459543,284,Acceleration info x = -3 y = 3 z = -211 roll = 179.1986 pitch = 0.8145547,17.55,101678.8,0,0,Latitude: -0.9655884, Longitude: 0.05,0,15.60845,43.06706,1411,847,564,None,
1609459544,285,Acceleration info x = -4 y = 4 z = -211 roll = 178.9271 pitch = 1.085931,17.62,101677.3,0,0,Waiting for GPS fix...,0,15.60845,43.06706,1406,844,562,None,
1609459545,286,Acceleration info x = -8 y = 3 z = -209 roll = 179.1908 pitch = 2.192006,17.65,101677.2,0,0,Waiting for GPS fix...,0,15.60845,43.06706,1408,845,563,None,
1609459547,287,Acceleration info x = -7 y = 5 z = -208 roll = 178.6361 pitch = 1.927081,17.62,101677.3,0,0,Waiting for GPS fix...,0,15.5684,42.9099,1408,845,563,None,
1609459548,288,Acceleration info x = -4 y = 3 z = -213 roll = 179.2063 pitch = 1.075823,17.64,101676.3,0,0,Waiting for GPS fix...,0,15.5684,42.9099,1411,847,564,None,
1609459549,289,Acceleration info x = -8 y = 5 z = -207 roll = 178.6295 pitch = 2.212746,17.64,101675.6,0,0,Waiting for GPS fix...,0,15.5684,42.9099,1408,845,563,None,
1609459550,290,Acceleration info x = -3 y = 6 z = -212 roll = 178.392 pitch = 0.8104705,17.6,101676.1,0,0,Waiting for GPS fix...,0,15.5684,42.9099,1409,846,563,None,
1609459551,291,Acceleration info x = -6 y = 3 z = -211 roll = 179.1986 pitch = 1.62878,17.62,101675.8,0,0,Latitude: 0.08333334, Longitude: 9.416666,0,15.57374,42.87938,1406,844,562,None,
1609459552,292,Acceleration info x = -5 y = 3 z = -211 roll = 179.1986 pitch = 1.357429,17.63,101675.4,0,0,Waiting for GPS fix...,0,15.57374,42.87938,1404,843,561,None,
1609459553,293,Acceleration info x = -6 y = 2 z = -211 roll = 179.4701 pitch = 1.628872,17.69,101675.7,0,0,Waiting for GPS fix...,0,15.57374,42.87938,1404,843,561,None,
1609459555,294,Acceleration info x = -7 y = 5 z = -210 roll = 178.6492 pitch = 1.908753,17.74,101678.0,0,0,Waiting for GPS fix...,0,15.57374,42.87938,1404,843,561,None,
1609459556,295,Acceleration info x = -5 y = 4 z = -210 roll = 178.922 pitch = 1.363781,17.72,101677.1,0,0,Waiting for GPS fix...,0,15.61112,42.83665,1404,843,561,None,
1609459557,296,Acceleration info x = -8 y = 6 z = -210 roll = 178.3766 pitch = 2.180913,17.78,101676.6,0,0,Waiting for GPS fix...,0,15.61112,42.83665,1405,843,562,None,
1609459558,297,Acceleration info x = -6 y = 4 z = -209 roll = 178.9167 pitch = 1.644223,17.72,101675.0,0,0,Latitude: 51.85057, Longitude: -0.9655884,0,15.61112,42.83665,1403,842,561,None,
1609459559,298,Acceleration info x = -7 y = 3 z = -212 roll = 179.2025 pitch = 1.891105,17.78,101677.4,0,0,Waiting for GPS fix...,0,15.61112,42.83665,1404,842,562,None,
1609459560,299,Acceleration info x = -4 y = 4 z = -208 roll = 178.9115 pitch = 1.101584,17.86,101676.6,0,0,Waiting for GPS fix...,0,15.64317,42.74815,1400,841,559,None,
1609459561,300,Acceleration info x = -11 y = 5 z = -210 roll = 178.6492 pitch = 2.99784,17.89,101677.2,0,0,Waiting for GPS fix...,0,15.64317,42.74815,1404,843,561,None,
1609459562,301,Acceleration info x = -5 y = 4 z = -215 roll = 178.9473 pitch = 1.332088,17.9,101676.7,0,0,Waiting for GPS fix...,0,15.64317,42.74815,1407,844,563,None,
1609459564,302,Acceleration info x = -4 y = 5 z = -209 roll = 178.6427 pitch = 1.096203,17.95,101674.7,0,0,Waiting for GPS fix...,0,15.64317,42.74815,1402,842,560,None,
1609459565,303,Acceleration info x = -5 y = 4 z = -210 roll = 178.922 pitch = 1.363781,17.97,101677.3,0,0,Waiting for GPS fix...,0,15.64317,42.74815,1404,843,561,None,
1609459566,304,Acceleration info x = -6 y = 5 z = -212 roll = 178.6621 pitch = 1.620815,18.0,101674.3,0,0,Waiting for GPS fix...,0,15.7126,42.76493,1403,842,561,None,
1609459567,305,Acceleration info x = -5 y = 6 z = -211 roll = 178.3843 pitch = 1.357017,18.01,101674.4,0,0,Waiting for GPS fix...,0,15.7126,42.76493,1403,842,561,None,
1609459568,306,Acceleration info x = -6 y = 3 z = -212 roll = 179.2025 pitch = 1.621103,18.05,101674.5,0,0,Latitude: 51.85057, Longitude: -0.9655884,0,15.7126,42.76493,1403,842,561,None,
1609459569,307,Acceleration info x = -3 y = 5 z = -210 roll = 178.6492 pitch = 0.8182839,18.06,101673.2,0,0,Waiting for GPS fix...,0,15.7126,42.76493,1404,843,561,None,
1609459570,308,Acceleration info x = -5 y = 6 z = -209 roll = 178.3687 pitch = 1.369988,18.08,101674.3,0,0,Waiting for GPS fix...,0,15.8114,42.7451,1408,845,563,None,
1609459572,309,Acceleration info x = -6 y = 5 z = -211 roll = 178.6557 pitch = 1.628488,18.14,101673.1,0,0,Waiting for GPS fix...,0,15.8114,42.7451,1406,844,562,None,
1609459573,310,Acceleration info x = -6 y = 7 z = -211 roll = 178.113 pitch = 1.62805,18.19,101675.5,0,0,Latitude: 51.85057, Longitude: -0.9655867,0,15.8114,42.7451,1408,845,563,None,
1609459574,311,Acceleration info x = -4 y = 5 z = -208 roll = 178.6361 pitch = 1.101469,18.19,101674.8,0,0,Waiting for GPS fix...,0,15.8114,42.7451,1404,843,561,None,
1609459575,312,Acceleration info x = -9 y = 4 z = -213 roll = 178.9373 pitch = 2.419261,18.22,101671.9,0,0,Waiting for GPS fix...,0,15.87014,42.7451,1405,843,562,None,
1609459576,313,Acceleration info x = -7 y = 4 z = -210 roll = 178.922 pitch = 1.908947,18.23,101672.0,0,0,Waiting for GPS fix...,0,15.87014,42.7451,1405,843,562,None,
1609459577,314,Acceleration info x = -5 y = 5 z = -212 roll = 178.6621 pitch = 1.350789,18.29,101672.4,0,0,Waiting for GPS fix...,0,15.87014,42.7451,1405,843,562,None,
1609459578,315,Acceleration info x = -6 y = 3 z = -209 roll = 179.1908 pitch = 1.644355,18.34,101671.2,0,0,Waiting for GPS fix...,0,15.87014,42.7451,1404,843,561,None,
1609459580,316,Acceleration info x = -8 y = 5 z = -211 roll = 178.6557 pitch = 2.170863,18.42,101671.8,0,0,Waiting for GPS fix...,0,15.93156,42.67949,1406,844,562,None,
1609459581,317,Acceleration info x = -4 y = 3 z = -209 roll = 179.1908 pitch = 1.096404,18.41,101670.9,0,0,Latitude: -0.9655867, Longitude: 0.05,0,15.93156,42.67949,1405,843,562,None,
1609459582,318,Acceleration info x = -6 y = 5 z = -208 roll = 178.6361 pitch = 1.651949,18.4,101671.4,0,0,Latitude: 1.166667, Longitude: 30.36667,0,15.93156,42.67949,1408,845,563,None,
1609459583,319,Acceleration info x = -8 y = 5 z = -211 roll = 178.6557 pitch = 2.170863,18.48,101670.9,0,0,Latitude: -0.9655867, Longitude: 0.06666667,0,15.93156,42.67949,1405,843,562,None,
1609459584,320,Acceleration info x = -5 y = 5 z = -205 roll = 178.616 pitch = 1.396869,18.51,101674.3,0,0,Waiting for GPS fix...,0,16.02502,42.81681,1408,845,563,None,
1609459585,321,Acceleration info x = -1 y = 5 z = -209 roll = 178.6427 pitch = 0.2740822,18.48,101673.0,0,0,Waiting for GPS fix...,0,16.02502,42.81681,1405,843,562,None,
1609459586,322,Acceleration info x = -8 y = 5 z = -210 roll = 178.6492 pitch = 2.181185,18.51,101672.1,0,0,Waiting for GPS fix...,0,16.02502,42.81681,1408,845,563,None,
1609459587,323,Acceleration info x = -7 y = 3 z = -212 roll = 179.2025 pitch = 1.891105,18.55,101675.6,0,0,Waiting for GPS fix...,0,16.02502,42.81681,1407,845,562,None,
1609459589,324,Acceleration info x = -8 y = 5 z = -212 roll = 178.6621 pitch = 2.160638,18.56,101672.9,0,0,Waiting for GPS fix...,0,16.08911,42.7863,1405,843,562,None,
1609459590,325,Acceleration info x = -7 y = 5 z = -211 roll = 178.6557 pitch = 1.899718,18.65,101675.2,0,0,Waiting for GPS fix...,0,16.08911,42.7863,1404,843,561,None,
1609459591,326,Acceleration info x = -5 y = 5 z = -212 roll = 178.6621 pitch = 1.350789,18.68,101674.3,0,0,Latitude: 0.05, Longitude: 9.416666,0,16.08911,42.7863,1406,844,562,None,
1609459592,327,Acceleration info x = -7 y = 3 z = -211 roll = 179.1986 pitch = 1.900059,18.71,101676.3,0,0,Latitude: 30.51667, Longitude: 51.85057,0,16.08911,42.7863,1407,845,562,None,
1609459593,328,Acceleration info x = -5 y = 3 z = -211 roll = 179.1986 pitch = 1.357429,18.71,101672.7,0,0,Waiting for GPS fix...,0,16.08911,42.7863,1406,844,562,None,
1609459594,329,Acceleration info x = -5 y = 3 z = -214 roll = 179.21 pitch = 1.33841,18.71,101672.7,0,0,Waiting for GPS fix...,0,16.1532,42.59708,1407,844,563,None,
1609459595,330,Acceleration info x = -6 y = 5 z = -210 roll = 178.6492 pitch = 1.636234,18.77,101671.7,0,0,Waiting for GPS fix...,0,16.1532,42.59708,1404,843,561,None,
1609459597,331,Acceleration info x = -7 y = 6 z = -211 roll = 178.3843 pitch = 1.899484,18.81,101669.6,0,0,Waiting for GPS fix...,0,16.1532,42.59708,1403,842,561,None,
1609459598,332,Acceleration info x = -6 y = 4 z = -213 roll = 178.9373 pitch = 1.613374,18.86,101667.6,0,0,Waiting for GPS fix...,0,16.1532,42.59708,1403,842,561,None,
1609459599,333,Acceleration info x = -5 y = 6 z = -214 roll = 178.4071 pitch = 1.338016,18.86,101667.6,0,0,Waiting for GPS fix...,0,16.23064,42.61539,1405,843,562,None,
1609459600,334,Acceleration info x = -6 y = 4 z = -210 roll = 178.922 pitch = 1.636401,18.85,101670.2,0,0,Waiting for GPS fix...,0,16.23064,42.61539,1402,842,560,None,
1609459601,335,Acceleration info x = -6 y = 6 z = -209 roll = 178.3687 pitch = 1.643847,18.81,101669.6,0,0,Waiting for GPS fix...,0,16.23064,42.61539,1406,843,563,None,
1609459602,336,Acceleration info x = -4 y = 2 z = -207 roll = 179.4596 pitch = 1.107057,18.83,101669.3,0,0,Waiting for GPS fix...,0,16.23064,42.61539,1403,842,561,None,
1609459603,337,Acceleration info x = -6 y = 4 z = -212 roll = 178.9323 pitch = 1.620977,18.77,101673.9,0,0,Waiting for GPS fix...,0,16.30808,42.43382,1402,841,561,None,
1609459604,338,Acceleration info x = -4 y = 4 z = -212 roll = 178.9323 pitch = 1.080812,18.76,101675.8,0,0,Waiting for GPS fix...,0,16.30808,42.43382,1406,844,562,None,
1609459606,339,Acceleration info x = -4 y = 5 z = -212 roll = 178.6621 pitch = 1.080703,18.74,101673.3,0,0,Waiting for GPS fix...,0,16.30808,42.43382,1401,840,561,None,
1609459607,340,Acceleration info x = -5 y = 6 z = -211 roll = 178.3843 pitch = 1.357017,18.79,101672.1,0,0,Waiting for GPS fix...,0,16.30808,42.43382,1403,842,561,None,
1609459608,341,Acceleration info x = -4 y = 6 z = -214 roll = 178.4071 pitch = 1.070483,18.79,101671.3,0,0,Latitude: 51.85057, Longitude: -0.9655834,0,16.31609,42.24155,1402,841,561,None,
1609459609,342,Acceleration info x = -6 y = 6 z = -213 roll = 178.3996 pitch = 1.613018,18.85,101669.5,0,0,Waiting for GPS fix...,0,16.31609,42.24155,1403,842,561,None,
1609459610,343,Acceleration info x = -7 y = 5 z = -212 roll = 178.6621 pitch = 1.890769,18.81,101670.3,0,0,Latitude: 51.85057, Longitude: -0.9655834,0,16.31609,42.24155,1404,843,561,None,
1609459611,344,Acceleration info x = -5 y = 3 z = -210 roll = 179.1947 pitch = 1.363889,18.82,101671.8,0,0,Waiting for GPS fix...,0,16.31609,42.24155,1404,843,561,None,
1609459612,345,Acceleration info x = -11 y = 5 z = -207 roll = 178.6295 pitch = 3.041181,18.82,101673.3,0,0,Waiting for GPS fix...,0,16.34012,42.11948,1401,841,560,None,
1609459614,346,Acceleration info x = -4 y = 8 z = -211 roll = 177.8418 pitch = 1.085346,18.8,101674.4,0,0,Waiting for GPS fix...,0,16.34012,42.11948,1402,841,561,None,
1609459615,347,Acceleration info x = -7 y = 4 z = -210 roll = 178.922 pitch = 1.908947,18.84,101672.9,0,0,Waiting for GPS fix...,0,16.34012,42.11948,1403,842,561,None,
1609459616,348,Acceleration info x = -7 y = 5 z = -213 roll = 178.6684 pitch = 1.881903,18.8,101672.3,0,0,Waiting for GPS fix...,0,16.34012,42.11948,1402,841,561,None,
1609459617,349,Acceleration info x = -7 y = 5 z = -211 roll = 178.6557 pitch = 1.899718,18.81,101669.5,0,0,Waiting for GPS fix...,1254,16.36415,42.08438,1402,842,560,None,
1609459618,350,Acceleration info x = -5 y = 3 z = -213 roll = 179.2063 pitch = 1.34469,18.72,101671.6,0,0,Waiting for GPS fix...,1254,16.36415,42.08438,1410,846,564,None,
1609459619,351,Acceleration info x = -6 y = 4 z = -213 roll = 178.9373 pitch = 1.613374,18.65,101671.8,0,0,Waiting for GPS fix...,1254,16.36415,42.08438,1401,841,560,None,
1609459620,352,Acceleration info x = -5 y = 3 z = -212 roll = 179.2025 pitch = 1.351029,18.65,101673.2,0,0,Waiting for GPS fix...,1254,16.36415,42.08438,1402,841,561,None,
1609459622,353,Acceleration info x = -7 y = 4 z = -208 roll = 178.9115 pitch = 1.927282,18.67,101672.8,0,0,Latitude: 51.85057, Longitude: -0.9655817,0,16.36415,41.89975,1402,841,561,None,
1609459623,354,Acceleration info x = -5 y = 4 z = -209 roll = 178.9167 pitch = 1.370301,18.6,101674.4,0,0,Waiting for GPS fix...,0,16.36415,41.89975,1405,843,562,None,
1609459624,355,Acceleration info x = -6 y = 4 z = -213 roll = 178.9373 pitch = 1.613374,18.6,101672.2,0,0,Waiting for GPS fix...,0,16.36415,41.89975,1407,844,563,None,
1609459625,356,Acceleration info x = -5 y = 3 z = -212 roll = 179.2025 pitch = 1.351029,18.57,101673.1,0,0,Waiting for GPS fix...,0,16.36415,41.89975,1404,843,561,None,
1609459626,357,Acceleration info x = -7 y = 5 z = -210 roll = 178.6492 pitch = 1.908753,18.54,101673.3,0,0,Waiting for GPS fix...,0,16.36415,41.89975,1405,843,562,None,
1609459627,358,Acceleration info x = -5 y = 3 z = -212 roll = 179.2025 pitch = 1.351029,18.55,101673.6,0,0,Waiting for GPS fix...,0,16.36415,41.6434,1406,843,563,None,
1609459629,359,Acceleration info x = -6 y = 5 z = -211 roll = 178.6557 pitch = 1.628488,18.54,101674.8,0,0,Waiting for GPS fix...,0,16.36415,41.6434,1407,844,563,None,
1609459630,360,Acceleration info x = -3 y = 7 z = -210 roll = 178.104 pitch = 0.8180614,18.59,101674.2,0,0,Latitude: -0.96558, Longitude: 0.03333333,0,16.36415,41.6434,1410,846,564,None,
1609459631,361,Acceleration info x = -10 y = 2 z = -208 roll = 179.4623 pitch = 2.752561,18.5,101673.3,0,0,Waiting for GPS fix...,0,16.36415,41.6434,1413,848,565,None,
1609459632,362,Acceleration info x = -6 y = 3 z = -208 roll = 179.1869 pitch = 1.652255,18.45,101673.1,0,0,Waiting for GPS fix...,0,16.33211,41.71511,1412,847,565,None,
1609459633,363,Acceleration info x = -7 y = 4 z = -209 roll = 178.9167 pitch = 1.918071,18.52,101675.1,0,0,Waiting for GPS fix...,0,16.33211,41.71511,1408,845,563,None,
1609459634,364,Acceleration info x = -6 y = 2 z = -211 roll = 179.4701 pitch = 1.628872,18.54,101672.6,0,0,Waiting for GPS fix...,0,16.33211,41.71511,1410,846,564,None,
1609459635,365,Acceleration info x = -4 y = 8 z = -211 roll = 177.8418 pitch = 1.085346,18.47,101672.0,0,0,Waiting for GPS fix...,0,16.33211,41.71511,1408,845,563,None,
1609459636,366,Acceleration info x = -4 y = 3 z = -209 roll = 179.1908 pitch = 1.096404,18.4,101670.0,0,0,Waiting for GPS fix...,0,16.34546,41.90738,1407,845,562,None,
1609459638,367,Acceleration info x = -7 y = 6 z = -212 roll = 178.392 pitch = 1.890537,18.44,101670.8,0,0,Latitude: 0.06666667, Longitude: 9.416666,0,16.34546,41.90738,1408,845,563,None,
1609459639,368,Acceleration info x = -6 y = 5 z = -209 roll = 178.6427 pitch = 1.644054,18.43,101671.4,0,0,Waiting for GPS fix...,0,16.34546,41.90738,1410,846,564,None,
1609459640,369,Acceleration info x = -7 y = 5 z = -210 roll = 178.6492 pitch = 1.908753,18.46,101671.8,0,0,Latitude: 0.06666667, Longitude: 9.416666,0,16.34546,41.90738,1410,846,564,None,
1609459641,370,Acceleration info x = -3 y = 2 z = -212 roll = 179.4727 pitch = 0.8107589,18.41,101671.7,0,0,Latitude: 31.25, Longitude: 51.85057,0,16.32143,41.94247,1409,846,563,None,
1609459642,371,Acceleration info x = -6 y = 4 z = -210 roll = 178.922 pitch = 1.636401,18.34,101669.8,0,0,Waiting for GPS fix...,0,16.32143,41.94247,1409,846,563,None,
1609459643,372,Acceleration info x = -4 y = 6 z = -213 roll = 178.3996 pitch = 1.075503,18.37,101670.3,0,0,Waiting for GPS fix...,0,16.32143,41.94247,1409,845,564,None,
1609459644,373,Acceleration info x = -6 y = 7 z = -213 roll = 178.1308 pitch = 1.612787,18.39,101671.3,0,0,Waiting for GPS fix...,0,16.32143,41.94247,1412,847,565,None,
1609459646,374,Acceleration info x = -5 y = 5 z = -213 roll = 178.6684 pitch = 1.344453,18.32,101670.1,0,0,Waiting for GPS fix...,0,16.30541,41.8143,1413,848,565,None,
1609459647,375,Acceleration info x = -6 y = 7 z = -213 roll = 178.1308 pitch = 1.612787,18.29,101671.7,0,0,Waiting for GPS fix...,0,16.30541,41.8143,1411,847,564,None,
1609459648,376,Acceleration info x = -6 y = 3 z = -210 roll = 179.1947 pitch = 1.636531,18.34,101671.8,0,0,Waiting for GPS fix...,0,16.30541,41.8143,1412,847,565,None,
1609459649,377,Acceleration info x = -8 y = 3 z = -210 roll = 179.1947 pitch = 2.18158,18.38,101670.5,0,0,Waiting for GPS fix...,0,16.30541,41.8143,1410,846,564,None,
1609459650,378,Acceleration info x = -7 y = 4 z = -212 roll = 178.9323 pitch = 1.890958,18.43,101672.1,0,0,Waiting for GPS fix...,0,16.30007,41.71511,1409,846,563,None,
1609459651,379,Acceleration info x = -6 y = 3 z = -210 roll = 179.1947 pitch = 1.636531,18.42,101673.9,0,0,Waiting for GPS fix...,0,16.30007,41.71511,1410,846,564,None,
1609459652,380,Acceleration info x = -6 y = 3 z = -209 roll = 179.1908 pitch = 1.644355,18.42,101673.9,0,0,Waiting for GPS fix...,0,16.30007,41.71511,1409,846,563,None,
1609459653,381,Acceleration info x = -5 y = 4 z = -212 roll = 178.9323 pitch = 1.350924,18.42,101674.8,0,0,Waiting for GPS fix...,0,16.30007,41.71511,1412,847,565,None,
1609459655,382,Acceleration info x = -5 y = 5 z = -210 roll = 178.6492 pitch = 1.363642,18.4,101672.2,0,0,Latitude: 51.85057, Longitude: -0.9655783,0,16.30007,41.71511,1413,848,565,None,
1609459656,383,Acceleration info x = -5 y = 5 z = -212 roll = 178.6621 pitch = 1.350789,18.4,101672.9,0,0,Waiting for GPS fix...,0,16.32143,41.77157,1411,847,564,None,
1609459657,384,Acceleration info x = -7 y = 6 z = -212 roll = 178.392 pitch = 1.890537,18.44,101672.9,0,0,Latitude: 51.85057, Longitude: -0.9655767,0,16.32143,41.77157,1413,848,565,None,
1609459658,385,Acceleration info x = -6 y = 6 z = -213 roll = 178.3996 pitch = 1.613018,18.45,101675.3,0,0,Waiting for GPS fix...,0,16.32143,41.77157,1412,847,565,None,
1609459659,386,Acceleration info x = -5 y = 5 z = -210 roll = 178.6492 pitch = 1.363642,18.51,101673.5,0,0,Latitude: 51.85057, Longitude: -0.9655767,0,16.32143,41.77157,1420,852,568,None,
1609459660,387,Acceleration info x = -5 y = 5 z = -210 roll = 178.6492 pitch = 1.363642,18.5,101674.1,0,0,Waiting for GPS fix...,0,16.35881,41.96994,1413,848,565,None,
1609459662,388,Acceleration info x = -7 y = 4 z = -212 roll = 178.9323 pitch = 1.890958,18.52,101673.0,0,0,Waiting for GPS fix...,0,16.35881,41.96994,1408,846,562,None,
1609459663,389,Acceleration info x = -6 y = 4 z = -211 roll = 178.9271 pitch = 1.628652,18.52,101672.2,0,0,Waiting for GPS fix...,0,16.35881,41.96994,1411,848,563,None,
1609459664,390,Acceleration info x = -6 y = 4 z = -210 roll = 178.922 pitch = 1.636401,18.61,101673.9,0,0,Waiting for GPS fix...,0,16.35881,41.96994,1414,849,565,None,
1609459665,391,Acceleration info x = -6 y = 6 z = -211 roll = 178.3843 pitch = 1.628287,18.56,101672.2,0,0,Waiting for GPS fix...,0,16.39353,42.06149,1410,847,563,None,
1609459666,392,Acceleration info x = -8 y = 5 z = -212 roll = 178.6621 pitch = 2.160638,18.58,101669.8,0,0,Waiting for GPS fix...,0,16.39353,42.06149,1409,846,563,None,
1609459667,393,Acceleration info x = -5 y = 3 z = -211 roll = 179.1986 pitch = 1.357429,18.61,101671.7,0,0,Latitude: 51.85057, Longitude: -0.9655767,0,16.39353,42.06149,1411,847,564,None,
1609459668,394,Acceleration info x = -7 y = 3 z = -211 roll = 179.1986 pitch = 1.900059,18.6,101670.8,0,0,Waiting for GPS fix...,0,16.39353,42.06149,1413,848,565,None,
1609459669,395,Acceleration info x = -7 y = 5 z = -211 roll = 178.6557 pitch = 1.899718,18.6,101671.6,0,0,Waiting for GPS fix...,0,16.44694,42.14542,1412,847,565,None,
1609459670,396,Acceleration info x = -6 y = 5 z = -212 roll = 178.6621 pitch = 1.620815,18.65,101673.1,0,0,Waiting for GPS fix...,0,16.44694,42.14542,1410,846,564,None,
1609459672,397,Acceleration info x = -6 y = 4 z = -211 roll = 178.9271 pitch = 1.628652,18.69,101673.8,0,0,Waiting for GPS fix...,0,16.44694,42.14542,1409,846,563,None,
1609459673,398,Acceleration info x = -9 y = 3 z = -213 roll = 179.2063 pitch = 2.419448,18.7,101672.7,0,0,Waiting for GPS fix...,0,16.44694,42.14542,1409,846,563,None,
1609459674,399,Acceleration info x = -8 y = 4 z = -210 roll = 178.922 pitch = 2.181407,18.68,101675.0,0,0,Waiting for GPS fix...,0,16.49233,42.13626,1398,840,558,None,
1609459675,400,Acceleration info x = -6 y = 5 z = -210 roll = 178.6492 pitch = 1.636234,18.68,101665.8,0,0,Waiting for GPS fix...,0,16.49233,42.13626,290,171,119,None,
1609459676,401,Acceleration info x = -6 y = 5 z = -210 roll = 178.6492 pitch = 1.636234,18.71,101674.2,0,0,Waiting for GPS fix...,0,16.49233,42.13626,1395,838,557,None,
1609459677,402,Acceleration info x = -7 y = 5 z = -213 roll = 178.6684 pitch = 1.881903,18.78,101671.9,0,0,Latitude: 0.05, Longitude: 9.416666,0,16.49233,42.13626,179,104,75,None,
1609459679,403,Acceleration info x = -7 y = 5 z = -213 roll = 178.6684 pitch = 1.881903,18.73,101663.2,0,0,Waiting for GPS fix...,0,16.49233,42.13626,302,178,124,None,
1609459680,404,Acceleration info x = -5 y = 7 z = -212 roll = 178.122 pitch = 1.350429,18.75,101665.7,0,0,Latitude: -0.9655733, Longitude: 0.05,0,16.52171,42.25376,226,132,94,None,
1609459681,405,Acceleration info x = -7 y = 6 z = -212 roll = 178.392 pitch = 1.890537,18.74,101666.9,0,0,Latitude: 1.166667, Longitude: 32.5,0,16.52171,42.25376,300,177,123,None,
1609459682,406,Acceleration info x = -9 y = 11 z = -219 roll = 177.1376 pitch = 2.35051,18.72,101665.1,0,0,Waiting for GPS fix...,0,16.52171,42.25376,225,131,94,None,
1609459683,407,Acceleration info x = -5 y = 6 z = -213 roll = 178.3996 pitch = 1.34429,18.71,101662.1,0,0,Waiting for GPS fix...,0,16.52171,42.25376,230,135,95,None,
1609459684,408,Acceleration info x = -7 y = 4 z = -211 roll = 178.9271 pitch = 1.89991,18.76,101669.3,0,0,Waiting for GPS fix...,0,16.55375,42.42008,724,429,295,None,
1609459685,409,Acceleration info x = -7 y = 5 z = -212 roll = 178.6621 pitch = 1.890769,18.79,101670.6,0,0,Waiting for GPS fix...,0,16.55375,42.42008,523,307,216,None,
1609459686,410,Acceleration info x = -8 y = 5 z = -212 roll = 178.6621 pitch = 2.160638,18.75,101672.7,0,0,Waiting for GPS fix...,0,16.55375,42.42008,1329,795,534,None,
1609459688,411,Acceleration info x = -6 y = 4 z = -209 roll = 178.9167 pitch = 1.644223,18.76,101661.7,0,0,Latitude: 0.15, Longitude: 9.416666,0,16.55375,42.42008,192,113,79,None,
1609459689,412,Acceleration info x = -7 y = 3 z = -213 roll = 179.2063 pitch = 1.882235,18.78,101659.1,0,0,Waiting for GPS fix...,0,16.59113,42.44602,213,124,89,None,
1609459690,413,Acceleration info x = -8 y = 5 z = -212 roll = 178.6621 pitch = 2.160638,18.78,101659.9,0,0,Latitude: 0.06666667, Longitude: 9.416666,0,16.59113,42.44602,169,100,69,None,
1609459691,414,Acceleration info x = -6 y = 4 z = -212 roll = 178.9323 pitch = 1.620977,18.8,101657.4,0,0,Latitude: 32.65, Longitude: 51.85057,0,16.59113,42.44602,201,121,80,None,
1609459692,415,Acceleration info x = -7 y = 5 z = -212 roll = 178.6621 pitch = 1.890769,18.78,101657.8,0,0,Waiting for GPS fix...,0,16.59113,42.44602,1260,757,503,None,
1609459693,416,Acceleration info x = -7 y = 5 z = -212 roll = 178.6621 pitch = 1.890769,18.75,101661.4,0,0,Waiting for GPS fix...,1262,16.60983,42.47807,368,223,145,None,
1609459694,417,Acceleration info x = -7 y = 5 z = -212 roll = 178.6621 pitch = 1.890769,18.77,101666.7,0,0,Waiting for GPS fix...,1262,16.60983,42.47807,1405,845,560,None,
1609459696,418,Acceleration info x = -7 y = 4 z = -212 roll = 178.9323 pitch = 1.890958,18.76,101668.8,0,0,Waiting for GPS fix...,1262,16.60983,42.47807,1400,843,557,None,
1609459697,419,Acceleration info x = -4 y = 5 z = -211 roll = 178.6557 pitch = 1.085821,18.77,101664.7,0,0,Waiting for GPS fix...,1262,16.60983,42.47807,1398,841,557,None,
1609459698,420,Acceleration info x = -7 y = 3 z = -211 roll = 179.1986 pitch = 1.900059,18.8,101670.1,0,0,Waiting for GPS fix...,0,16.67659,42.50706,1435,864,571,None,
1609459699,421,Acceleration info x = -9 y = 3 z = -213 roll = 179.2063 pitch = 2.419448,18.8,101670.8,0,0,Waiting for GPS fix...,0,16.67659,42.50706,1448,873,575,None,
1609459700,422,Acceleration info x = -5 y = 5 z = -211 roll = 178.6557 pitch = 1.357185,18.84,101667.9,0,0,Waiting for GPS fix...,0,16.67659,42.50706,1450,875,575,None,
1609459701,423,Acceleration info x = -6 y = 6 z = -211 roll = 178.3843 pitch = 1.628287,18.86,101669.7,0,0,Latitude: 51.85057, Longitude: -0.9655666,0,16.67659,42.50706,1448,874,574,None,
1609459702,424,Acceleration info x = -6 y = 4 z = -212 roll = 178.9323 pitch = 1.620977,18.84,101668.6,0,0,Latitude: 51.85057, Longitude: -0.9655666,0,16.67926,42.50095,1447,873,574,None,
1609459704,425,Acceleration info x = -7 y = 5 z = -209 roll = 178.6427 pitch = 1.917873,18.83,101671.4,0,0,Latitude: 51.85057, Longitude: -0.9655666,0,16.67926,42.50095,1443,869,574,None,
1609459705,426,Acceleration info x = -5 y = 3 z = -211 roll = 179.1986 pitch = 1.357429,18.91,101668.4,0,0,Waiting for GPS fix...,0,16.67926,42.50095,1436,865,571,None,
1609459706,427,Acceleration info x = -5 y = 5 z = -216 roll = 178.6871 pitch = 1.325797,18.92,101669.3,0,0,Latitude: 51.85057, Longitude: -0.9655666,0,16.67926,42.50095,1433,862,571,None,
1609459707,428,Acceleration info x = -4 y = 6 z = -210 roll = 178.3766 pitch = 1.090852,18.82,101669.1,0,0,Waiting for GPS fix...,0,16.67926,42.50095,1430,860,570,None,
1609459708,429,Acceleration info x = -5 y = 5 z = -211 roll = 178.6557 pitch = 1.357185,18.86,101669.1,0,0,Waiting for GPS fix...,0,16.69795,42.4506,1432,862,570,None,
1609459709,430,Acceleration info x = -8 y = 7 z = -211 roll = 178.113 pitch = 2.170279,18.86,101669.7,0,0,Waiting for GPS fix...,0,16.69795,42.4506,1422,857,565,None,
1609459710,431,Acceleration info x = -6 y = 6 z = -217 roll = 178.4293 pitch = 1.583323,18.85,101666.8,0,0,Waiting for GPS fix...,0,16.69795,42.4506,1020,616,404,None,
1609459712,432,Acceleration info x = 0 y = -2 z = -211 roll = -179.4701 pitch = 0.0,18.9,101658.4,0,0,Waiting for GPS fix...,0,16.69795,42.4506,130,79,51,None,
1609459713,433,Acceleration info x = 1 y = -1 z = -213 roll = -179.7442 pitch = -0.2690091,18.95,101659.2,0,0,Latitude: 51.85057, Longitude: -0.9655649,0,16.6846,42.26291,130,79,51,None,
1609459714,434,Acceleration info x = -1 y = -7 z = -212 roll = -178.122 pitch = 0.2701338,18.96,101658.0,0,0,Waiting for GPS fix...,0,16.6846,42.26291,405,242,163,None,
1609459715,435,Acceleration info x = 2 y = -3 z = -210 roll = -179.1947 pitch = -0.5456421,19.02,101661.2,0,0,Waiting for GPS fix...,0,16.6846,42.26291,434,260,174,None,
1609459716,436,Acceleration info x = 7 y = 3 z = -206 roll = 179.1788 pitch = -1.946132,19.02,101659.7,0,0,Waiting for GPS fix...,0,16.6846,42.26291,321,193,128,None,
1609459717,437,Acceleration info x = -1 y = 5 z = -211 roll = 178.6557 pitch = 0.2714857,19.0,101655.9,0,0,Waiting for GPS fix...,0,16.738,42.14847,148,90,58,None,
1609459718,438,Acceleration info x = -3 y = 3 z = -209 roll = 179.1908 pitch = 0.8223469,19.02,101658.3,0,0,Waiting for GPS fix...,0,16.738,42.14847,259,158,101,None,
1609459720,439,Acceleration info x = -2 y = 5 z = -210 roll = 178.6492 pitch = 0.5455432,18.98,101655.6,0,0,Waiting for GPS fix...,0,16.738,42.14847,211,129,82,None,
1609459721,440,Acceleration info x = -2 y = 4 z = -212 roll = 178.9323 pitch = 0.5404538,19.03,101659.9,0,0,Latitude: 51.85057, Longitude: -0.9655634,0,16.738,42.14847,504,304,200,None,
1609459722,441,Acceleration info x = -3 y = 4 z = -210 roll = 178.922 pitch = 0.8183673,19.06,101666.9,0,0,Waiting for GPS fix...,0,16.80209,42.05997,666,400,266,None,
1609459723,442,Acceleration info x = 21 y = -8 z = -203 roll = -177.7563 pitch = -5.902027,19.04,101660.9,0,0,Waiting for GPS fix...,0,16.80209,42.05997,787,473,314,None,
1609459724,443,Acceleration info x = 7 y = -13 z = -215 roll = -176.5528 pitch = -1.861525,18.97,101658.2,0,0,Waiting for GPS fix...,0,16.80209,42.05997,302,185,117,None,
1609459725,444,Acceleration info x = 6 y = -13 z = -210 roll = -176.4706 pitch = -1.633572,19.01,101658.2,0,0,Waiting for GPS fix...,0,16.80209,42.05997,422,255,167,None,
1609459726,445,Acceleration info x = 6 y = -9 z = -211 roll = -177.5707 pitch = -1.627466,18.92,101658.0,0,0,Waiting for GPS fix...,0,16.86084,41.87686,511,310,201,None,
1609459727,446,Acceleration info x = 5 y = -10 z = -207 roll = -177.2473 pitch = -1.382178,18.93,101658.9,0,0,Waiting for GPS fix...,0,16.86084,41.87686,716,428,288,None,
1609459729,447,Acceleration info x = 4 y = -5 z = -218 roll = -178.6993 pitch = -1.050982,18.97,101666.0,0,0,Waiting for GPS fix...,0,16.86084,41.87686,314,190,124,None,
1609459730,448,Acceleration info x = 4 y = -2 z = -216 roll = -179.4827 pitch = -1.060944,19.05,101658.8,0,0,Waiting for GPS fix...,0,16.86084,41.87686,1124,671,453,None,
1609459731,449,Acceleration info x = 8 y = 65 z = -270 roll = 166.4764 pitch = -1.650163,19.09,101661.7,0,0,Waiting for GPS fix...,0,16.88487,41.88144,1408,828,580,None,
1609459732,450,Acceleration info x = 171 y = -197 z = 61 roll = -72.8005 pitch = -39.66774,19.05,101643.2,0,0,Waiting for GPS fix...,0,16.88487,41.88144,17219,8570,8649,None,
1609459733,451,Acceleration info x = 155 y = -181 z = 139 roll = -52.48119 pitch = -34.18626,19.05,101644.6,0,0,Waiting for GPS fix...,0,16.88487,41.88144,3635,1805,1830,None,
1609459734,452,Acceleration info x = 185 y = -50 z = 231 roll = -12.21418 pitch = -38.0545,18.95,101645.1,0,0,Latitude: 0.2833333, Longitude: 9.416666,0,16.88487,41.88144,27093,10608,16485,None,
1609459736,453,Acceleration info x = 220 y = -13 z = 205 roll = -3.628799 pitch = -46.96748,18.87,101642.9,0,0,Waiting for GPS fix...,1570,16.8822,41.7792,2301,1224,1077,None,
